DATE	VISITING TEAM	HOME TEAM	TIME	NETWORK/RESULT
Wed Oct 8, 2014	Montréal	Toronto	7:00 PM ET	TVA Sports,SN
Wed Oct 8, 2014	Philadelphia	Boston	7:30 PM ET	NBCSN
Wed Oct 8, 2014	Vancouver	Calgary	10:00 PM ET	SN,TVA Sports 2
Wed Oct 8, 2014	San Jose	Los Angeles	10:00 PM ET	NBCSN,SN1
Thu Oct 9, 2014	Columbus	Buffalo	7:00 PM ET	FS-O
Thu Oct 9, 2014	New Jersey	Philadelphia	7:00 PM ET	CSN-PH
Thu Oct 9, 2014	Anaheim	Pittsburgh	7:00 PM ET	ROOT
Thu Oct 9, 2014	Montréal	Washington	7:00 PM ET	SN360,RDS,CSN-DC
Thu Oct 9, 2014	Boston	Detroit	7:30 PM ET	TVA Sports 2,NESN,FS-D
Thu Oct 9, 2014	Florida	Tampa Bay	7:30 PM ET	FS-F,SUN
Thu Oct 9, 2014	NY Rangers	St. Louis	8:00 PM ET	
Thu Oct 9, 2014	Ottawa	Nashville	8:00 PM ET	RDS2,TSN5
Thu Oct 9, 2014	Chicago	Dallas	8:30 PM ET	CSN-CH
Thu Oct 9, 2014	Colorado	Minnesota	9:00 PM ET	NBCSN
Thu Oct 9, 2014	Calgary	Edmonton	9:30 PM ET	SN360
Thu Oct 9, 2014	Winnipeg	Arizona	10:00 PM ET	TSN3,FS-A
Fri Oct 10, 2014	NY Islanders	Carolina	7:00 PM ET	
Sat Oct 11, 2014	Washington	Boston	7:00 PM ET	FX-CA,CSN-DC,NESN
Sat Oct 11, 2014	Pittsburgh	Toronto	7:00 PM ET	CBC,NHLN-US,ROOT
Sat Oct 11, 2014	Anaheim	Detroit	7:00 PM ET	FS-D
Sat Oct 11, 2014	Ottawa	Tampa Bay	7:00 PM ET	SN1,SUN
Sat Oct 11, 2014	New Jersey	Florida	7:00 PM ET	FS-F
Sat Oct 11, 2014	Carolina	NY Islanders	7:00 PM ET	
Sat Oct 11, 2014	Montréal	Philadelphia	7:00 PM ET	CITY TV,TVA Sports,CSN-PH
Sat Oct 11, 2014	NY Rangers	Columbus	7:00 PM ET	FS-O
Sat Oct 11, 2014	Calgary	St. Louis	7:00 PM ET	SN360
Sat Oct 11, 2014	Dallas	Nashville	8:00 PM ET	
Sat Oct 11, 2014	Buffalo	Chicago	8:30 PM ET	CSN-CH
Sat Oct 11, 2014	Minnesota	Colorado	9:00 PM ET	FS-N,ALT
Sat Oct 11, 2014	Los Angeles	Arizona	9:00 PM ET	FS-A
Sat Oct 11, 2014	Edmonton	Vancouver	10:00 PM ET	CBC,TVA Sports 2
Sat Oct 11, 2014	Winnipeg	San Jose	10:00 PM ET	SN,CSN-CA
Sun Oct 12, 2014	Toronto	NY Rangers	7:00 PM ET	NHLN-US,CITY TV,TVA Sports
Sun Oct 12, 2014	Winnipeg	Los Angeles	10:00 PM ET	TSN3
Mon Oct 13, 2014	Colorado	Boston	1:00 PM ET	TVA Sports,ALT,NESN
Mon Oct 13, 2014	Anaheim	Buffalo	3:00 PM ET	
Mon Oct 13, 2014	Ottawa	Florida	7:30 PM ET	RDSI,TSN5,FS-F
Mon Oct 13, 2014	Montréal	Tampa Bay	7:30 PM ET	RDS,CITYM,SUN
Tue Oct 14, 2014	NY Islanders	NY Rangers	7:00 PM ET	
Tue Oct 14, 2014	Anaheim	Philadelphia	7:00 PM ET	CSN-PH
Tue Oct 14, 2014	San Jose	Washington	7:00 PM ET	CSN-CA,CSN-DC
Tue Oct 14, 2014	Dallas	Columbus	7:00 PM ET	FS-O
Tue Oct 14, 2014	Buffalo	Carolina	7:30 PM ET	NBCSN
Tue Oct 14, 2014	Colorado	Toronto	7:30 PM ET	TVA Sports,ALT,TSN4
Tue Oct 14, 2014	New Jersey	Tampa Bay	7:30 PM ET	SUN
Tue Oct 14, 2014	Calgary	Nashville	8:00 PM ET	SN360
Tue Oct 14, 2014	Edmonton	Los Angeles	10:30 PM ET	SN360
Wed Oct 15, 2014	Boston	Detroit	8:00 PM ET	NBCSN,TVA Sports,SN1
Wed Oct 15, 2014	Calgary	Chicago	8:00 PM ET	SN,CSN-CH
Wed Oct 15, 2014	Edmonton	Arizona	10:30 PM ET	SNW,FS-A
Thu Oct 16, 2014	San Jose	NY Islanders	7:00 PM ET	CSN-CA
Thu Oct 16, 2014	Dallas	Pittsburgh	7:00 PM ET	TVA Sports 2,ROOT
Thu Oct 16, 2014	New Jersey	Washington	7:00 PM ET	CSN-DC
Thu Oct 16, 2014	Carolina	NY Rangers	7:00 PM ET	
Thu Oct 16, 2014	Boston	Montréal	7:30 PM ET	NHLN-US,SN360,NESN,RDS
Thu Oct 16, 2014	Colorado	Ottawa	7:30 PM ET	ALT,RDS2,TSN5
Thu Oct 16, 2014	St. Louis	Los Angeles	10:30 PM ET	
Fri Oct 17, 2014	Florida	Buffalo	7:00 PM ET	FS-F
Fri Oct 17, 2014	Calgary	Columbus	7:00 PM ET	SNF,FS-O
Fri Oct 17, 2014	Detroit	Toronto	7:30 PM ET	FS-D,SNO
Fri Oct 17, 2014	Nashville	Winnipeg	8:00 PM ET	TSN3
Fri Oct 17, 2014	Vancouver	Edmonton	9:30 PM ET	SNV,SNOL
Fri Oct 17, 2014	Minnesota	Anaheim	10:00 PM ET	FS-N
Sat Oct 18, 2014	Boston	Buffalo	7:00 PM ET	FX-CA,NESN
Sat Oct 18, 2014	Colorado	Montréal	7:00 PM ET	TVA Sports,CITY,ALT
Sat Oct 18, 2014	Columbus	Ottawa	7:00 PM ET	SN1,FS-O
Sat Oct 18, 2014	Toronto	Detroit	7:00 PM ET	CBC,NHLN-US,FS-D
Sat Oct 18, 2014	San Jose	New Jersey	7:00 PM ET	CSN-CA
Sat Oct 18, 2014	NY Islanders	Pittsburgh	7:00 PM ET	ROOT
Sat Oct 18, 2014	Florida	Washington	7:00 PM ET	FS-F,CSN-DC
Sat Oct 18, 2014	Philadelphia	Dallas	8:00 PM ET	CSN-PH
Sat Oct 18, 2014	Nashville	Chicago	8:30 PM ET	WGN
Sat Oct 18, 2014	St. Louis	Arizona	9:00 PM ET	FS-A
Sat Oct 18, 2014	Tampa Bay	Vancouver	10:00 PM ET	CBC,TVA Sports 2,SUN
Sun Oct 19, 2014	Minnesota	Los Angeles	3:00 PM ET	FS-N
Sun Oct 19, 2014	San Jose	NY Rangers	5:00 PM ET	TVA Sports,CSN-CA
Sun Oct 19, 2014	Calgary	Winnipeg	7:00 PM ET	CITY TV
Sun Oct 19, 2014	St. Louis	Anaheim	8:00 PM ET	
Mon Oct 20, 2014	Tampa Bay	Edmonton	9:30 PM ET	TVA Sports,SUN,SNW
Tue Oct 21, 2014	San Jose	Boston	7:00 PM ET	TVA Sports,CSN-CA,NESN
Tue Oct 21, 2014	NY Rangers	New Jersey	7:00 PM ET	
Tue Oct 21, 2014	Toronto	NY Islanders	7:00 PM ET	TSN4
Tue Oct 21, 2014	Detroit	Montréal	7:30 PM ET	FS-D,RDS,SNE
Tue Oct 21, 2014	Arizona	Nashville	8:00 PM ET	FS-A
Tue Oct 21, 2014	Carolina	Winnipeg	8:00 PM ET	TSN3
Tue Oct 21, 2014	Philadelphia	Chicago	8:30 PM ET	NBCSN,CSN-PH,CSN-CH
Tue Oct 21, 2014	Vancouver	Dallas	8:30 PM ET	SNP
Tue Oct 21, 2014	Florida	Colorado	9:00 PM ET	FS-F,ALT
Tue Oct 21, 2014	Tampa Bay	Calgary	9:00 PM ET	SUN,SNW
Wed Oct 22, 2014	Toronto	Ottawa	7:00 PM ET	TVA Sports,SN360,SN1
Wed Oct 22, 2014	Philadelphia	Pittsburgh	8:00 PM ET	NBCSN,TVA Sports 2
Wed Oct 22, 2014	Washington	Edmonton	9:30 PM ET	SN360,SN1,CSN-DC
Wed Oct 22, 2014	Buffalo	Anaheim	10:30 PM ET	
Thu Oct 23, 2014	NY Islanders	Boston	7:00 PM ET	NESN
Thu Oct 23, 2014	Pittsburgh	Detroit	7:30 PM ET	SN360,TVA Sports 2,ROOT,FS-D
Thu Oct 23, 2014	Vancouver	St. Louis	8:00 PM ET	NHLN-US,SNV
Thu Oct 23, 2014	Chicago	Nashville	8:00 PM ET	CSN-CH
Thu Oct 23, 2014	Arizona	Minnesota	8:00 PM ET	FS-A,FS-N
Thu Oct 23, 2014	Carolina	Calgary	9:00 PM ET	SNF
Thu Oct 23, 2014	Buffalo	Los Angeles	10:30 PM ET	
Thu Oct 23, 2014	Columbus	San Jose	10:30 PM ET	FS-O,CSN-CA
Fri Oct 24, 2014	Dallas	New Jersey	7:00 PM ET	
Fri Oct 24, 2014	Tampa Bay	Winnipeg	8:00 PM ET	SUN,TSN3
Fri Oct 24, 2014	Vancouver	Colorado	9:00 PM ET	SNE,SNO,SNP,TVA Sports 2,ALT
Fri Oct 24, 2014	Carolina	Edmonton	9:30 PM ET	SNW
Fri Oct 24, 2014	Columbus	Anaheim	10:00 PM ET	FS-O
Sat Oct 25, 2014	Buffalo	San Jose	4:00 PM ET	CSN-CA
Sat Oct 25, 2014	Boston	Toronto	7:00 PM ET	CBC,NHLN-US,NESN
Sat Oct 25, 2014	NY Rangers	Montréal	7:00 PM ET	CITY TV,TVA Sports
Sat Oct 25, 2014	New Jersey	Ottawa	7:00 PM ET	SN1
Sat Oct 25, 2014	Dallas	NY Islanders	7:00 PM ET	
Sat Oct 25, 2014	Detroit	Philadelphia	7:00 PM ET	SN360,FS-D,CSN-PH
Sat Oct 25, 2014	Chicago	St. Louis	8:00 PM ET	FX-CA,WGN
Sat Oct 25, 2014	Pittsburgh	Nashville	8:00 PM ET	ROOT
Sat Oct 25, 2014	Tampa Bay	Minnesota	8:00 PM ET	SUN,FS-N
Sat Oct 25, 2014	Florida	Arizona	9:00 PM ET	FS-F,FS-A
Sat Oct 25, 2014	Washington	Calgary	10:00 PM ET	CBC,TVA Sports 2,CSN-DC
Sun Oct 26, 2014	Colorado	Winnipeg	3:00 PM ET	ALT,TSN3
Sun Oct 26, 2014	Columbus	Los Angeles	4:00 PM ET	FS-O
Sun Oct 26, 2014	Ottawa	Chicago	7:00 PM ET	NHLN-US,CITY TV,TVA Sports,WGN
Sun Oct 26, 2014	San Jose	Anaheim	8:00 PM ET	CSN-CA
Sun Oct 26, 2014	Washington	Vancouver	10:00 PM ET	CSN-DC,SNV
Mon Oct 27, 2014	Minnesota	NY Rangers	7:00 PM ET	TVA Sports,FS-N
Mon Oct 27, 2014	Montréal	Edmonton	9:30 PM ET	SN1,RDS
Tue Oct 28, 2014	Minnesota	Boston	7:00 PM ET	NBCSN,NESN
Tue Oct 28, 2014	Winnipeg	NY Islanders	7:00 PM ET	TSN3
Tue Oct 28, 2014	Los Angeles	Philadelphia	7:00 PM ET	TVA Sports,CSN-PH
Tue Oct 28, 2014	New Jersey	Pittsburgh	7:00 PM ET	ROOT
Tue Oct 28, 2014	Ottawa	Columbus	7:00 PM ET	RDS2,TSN5,FS-O
Tue Oct 28, 2014	Buffalo	Toronto	7:30 PM ET	TSN4
Tue Oct 28, 2014	Arizona	Tampa Bay	7:30 PM ET	FS-A,SUN
Tue Oct 28, 2014	Anaheim	Chicago	8:30 PM ET	CSN-CH
Tue Oct 28, 2014	St. Louis	Dallas	8:30 PM ET	
Tue Oct 28, 2014	San Jose	Colorado	9:00 PM ET	CSN-CA,ALT
Tue Oct 28, 2014	Montréal	Calgary	9:00 PM ET	RDS,SNE,SNW
Tue Oct 28, 2014	Carolina	Vancouver	10:00 PM ET	SNP
Wed Oct 29, 2014	Detroit	Washington	7:30 PM ET	NBCSN,TVA Sports,SN1
Wed Oct 29, 2014	Nashville	Edmonton	10:00 PM ET	SN360,SN1
Thu Oct 30, 2014	Boston	Buffalo	7:00 PM ET	NESN
Thu Oct 30, 2014	Winnipeg	New Jersey	7:00 PM ET	TSN3
Thu Oct 30, 2014	Los Angeles	Pittsburgh	7:00 PM ET	NHLN-US,SN360,TVA Sports 2,ROOT
Thu Oct 30, 2014	Chicago	Ottawa	7:30 PM ET	CSN-CH,RDSI,TSN5
Thu Oct 30, 2014	Philadelphia	Tampa Bay	7:30 PM ET	CSN-PH,SUN
Thu Oct 30, 2014	Arizona	Florida	7:30 PM ET	FS-A,FS-F
Thu Oct 30, 2014	Anaheim	St. Louis	8:00 PM ET	
Thu Oct 30, 2014	San Jose	Minnesota	8:00 PM ET	CSN-CA,FS-N+
Thu Oct 30, 2014	NY Islanders	Colorado	9:00 PM ET	ALT
Thu Oct 30, 2014	Montréal	Vancouver	10:00 PM ET	SN360,RDS
Fri Oct 31, 2014	Toronto	Columbus	7:00 PM ET	SNO,FS-O
Fri Oct 31, 2014	Los Angeles	Detroit	7:30 PM ET	SNE,SNP,TVA Sports 2,FS-D
Fri Oct 31, 2014	Anaheim	Dallas	8:30 PM ET	
Fri Oct 31, 2014	Nashville	Calgary	9:00 PM ET	SNW
Sat Nov 1, 2014	Ottawa	Boston	7:00 PM ET	CITY TV,TVA Sports,NESN
Sat Nov 1, 2014	Chicago	Toronto	7:00 PM ET	CBC,NHLN-US,CSN-CH
Sat Nov 1, 2014	Washington	Tampa Bay	7:00 PM ET	FX-CA,CSN-DC+,SUN
Sat Nov 1, 2014	Philadelphia	Florida	7:00 PM ET	TCN-PH,FS-F
Sat Nov 1, 2014	Columbus	New Jersey	7:00 PM ET	FS-O
Sat Nov 1, 2014	Winnipeg	NY Rangers	7:00 PM ET	SN
Sat Nov 1, 2014	Buffalo	Pittsburgh	7:00 PM ET	SN1,ROOT
Sat Nov 1, 2014	Arizona	Carolina	7:00 PM ET	
Sat Nov 1, 2014	Colorado	St. Louis	8:00 PM ET	ALT2
Sat Nov 1, 2014	Dallas	Minnesota	8:00 PM ET	FS-N
Sat Nov 1, 2014	Vancouver	Edmonton	10:00 PM ET	CBC,TVA Sports
Sat Nov 1, 2014	NY Islanders	San Jose	10:30 PM ET	CSN-CA
Sun Nov 2, 2014	Detroit	Buffalo	5:00 PM ET	TVA Sports,FS-D
Sun Nov 2, 2014	Los Angeles	Carolina	5:00 PM ET	
Sun Nov 2, 2014	Calgary	Montréal	7:00 PM ET	CITY TV,RDS
Sun Nov 2, 2014	Arizona	Washington	7:00 PM ET	FS-A,CSN-DC
Sun Nov 2, 2014	Anaheim	Colorado	8:00 PM ET	ALT
Sun Nov 2, 2014	Winnipeg	Chicago	9:00 PM ET	TSN3,WGN
Sun Nov 2, 2014	Nashville	Vancouver	10:00 PM ET	SNP
Mon Nov 3, 2014	St. Louis	NY Rangers	7:00 PM ET	TVA Sports,SN
Tue Nov 4, 2014	Florida	Boston	7:00 PM ET	TVA Sports,FS-F,NESN
Tue Nov 4, 2014	Edmonton	Philadelphia	7:00 PM ET	SNOL,CSN-PH
Tue Nov 4, 2014	Calgary	Washington	7:00 PM ET	SNW,CSN-DC
Tue Nov 4, 2014	Carolina	Columbus	7:00 PM ET	FS-O
Tue Nov 4, 2014	St. Louis	New Jersey	7:30 PM ET	NBCSN
Tue Nov 4, 2014	Chicago	Montréal	7:30 PM ET	CSN-CH,RDS,SNE
Tue Nov 4, 2014	Detroit	Ottawa	7:30 PM ET	FS-D,RDS2,TSN5
Tue Nov 4, 2014	Pittsburgh	Minnesota	8:00 PM ET	ROOT,FS-N
Tue Nov 4, 2014	Nashville	Winnipeg	8:00 PM ET	TSN3
Tue Nov 4, 2014	Los Angeles	Dallas	8:30 PM ET	
Tue Nov 4, 2014	Vancouver	Colorado	9:00 PM ET	SNP,ALT
Tue Nov 4, 2014	Toronto	Arizona	9:00 PM ET	SNO,FS-A PLUS
Wed Nov 5, 2014	Montréal	Buffalo	7:30 PM ET	SN,RDS
Wed Nov 5, 2014	Detroit	NY Rangers	8:00 PM ET	NBCSN,TVA Sports,SN1
Wed Nov 5, 2014	NY Islanders	Anaheim	10:30 PM ET	
Thu Nov 6, 2014	Edmonton	Boston	7:00 PM ET	SN360,TVA Sports 2,NESN
Thu Nov 6, 2014	Florida	Philadelphia	7:00 PM ET	NHLN-US,FS-F,CSN-PH
Thu Nov 6, 2014	Minnesota	Ottawa	7:30 PM ET	FS-N,RDS,TSN5
Thu Nov 6, 2014	Calgary	Tampa Bay	7:30 PM ET	SNF,SUN
Thu Nov 6, 2014	New Jersey	St. Louis	8:00 PM ET	
Thu Nov 6, 2014	Pittsburgh	Winnipeg	8:00 PM ET	ROOT,TSN3
Thu Nov 6, 2014	Nashville	Dallas	8:30 PM ET	
Thu Nov 6, 2014	Toronto	Colorado	9:00 PM ET	TSN4,ALT
Thu Nov 6, 2014	NY Islanders	Los Angeles	10:30 PM ET	
Thu Nov 6, 2014	Vancouver	San Jose	10:30 PM ET	SN360,CSN-CA
Fri Nov 7, 2014	Edmonton	Buffalo	7:00 PM ET	SNW
Fri Nov 7, 2014	Columbus	Carolina	7:00 PM ET	FS-O
Fri Nov 7, 2014	New Jersey	Detroit	7:30 PM ET	FS-D
Fri Nov 7, 2014	Washington	Chicago	8:30 PM ET	SNE,SNO,SNP,CSN-DC+,CSN-CH+
Fri Nov 7, 2014	Arizona	Anaheim	10:00 PM ET	FS-A
Sat Nov 8, 2014	Calgary	Florida	3:00 PM ET	SNW,FS-F
Sat Nov 8, 2014	Pittsburgh	Buffalo	7:00 PM ET	HNIC,ROOT
Sat Nov 8, 2014	NY Rangers	Toronto	7:00 PM ET	HNIC
Sat Nov 8, 2014	Minnesota	Montréal	7:00 PM ET	NHLN-US,HNIC,TVA Sports,FS-N+
Sat Nov 8, 2014	Winnipeg	Ottawa	7:00 PM ET	HNIC
Sat Nov 8, 2014	Colorado	Philadelphia	7:00 PM ET	HNIC,ALT,CSN-PH
Sat Nov 8, 2014	Tampa Bay	Columbus	7:00 PM ET	SUN,FS-O
Sat Nov 8, 2014	Carolina	Washington	8:00 PM ET	CSN-DC+
Sat Nov 8, 2014	Nashville	St. Louis	8:00 PM ET	
Sat Nov 8, 2014	San Jose	Dallas	8:00 PM ET	CSN-CA
Sat Nov 8, 2014	NY Islanders	Arizona	8:00 PM ET	FS-A
Sat Nov 8, 2014	Vancouver	Los Angeles	10:00 PM ET	HNIC,TVA Sports 2
Sun Nov 9, 2014	Tampa Bay	Detroit	6:00 PM ET	SUN,FS-D+
Sun Nov 9, 2014	Edmonton	NY Rangers	6:00 PM ET	NHLN-US,SNW
Sun Nov 9, 2014	San Jose	Chicago	7:00 PM ET	TVA Sports,CSN-CA,WGN
Sun Nov 9, 2014	Vancouver	Anaheim	8:00 PM ET	CITY TV
Mon Nov 10, 2014	New Jersey	Boston	7:00 PM ET	TVA Sports,NESN
Mon Nov 10, 2014	Calgary	Carolina	7:00 PM ET	SNW
Tue Nov 11, 2014	Minnesota	New Jersey	7:00 PM ET	FS-N
Tue Nov 11, 2014	Colorado	NY Islanders	7:00 PM ET	TVA Sports,ALT
Tue Nov 11, 2014	Pittsburgh	NY Rangers	7:00 PM ET	SN1,ROOT
Tue Nov 11, 2014	Columbus	Washington	7:00 PM ET	FS-O,CSN-DC
Tue Nov 11, 2014	Winnipeg	Montréal	7:30 PM ET	TSN3,RDS,SNE
Tue Nov 11, 2014	San Jose	Florida	7:30 PM ET	CSN-CA,FS-F
Tue Nov 11, 2014	Buffalo	St. Louis	8:00 PM ET	NBCSN
Tue Nov 11, 2014	Edmonton	Nashville	8:00 PM ET	SNW
Tue Nov 11, 2014	Tampa Bay	Chicago	8:30 PM ET	SUN,CSN-CH
Tue Nov 11, 2014	Dallas	Arizona	9:00 PM ET	FS-A
Tue Nov 11, 2014	Ottawa	Vancouver	10:00 PM ET	RDS,TSN5,SNP
Wed Nov 12, 2014	Boston	Toronto	8:00 PM ET	NBCSN,TVA Sports,SN
Wed Nov 12, 2014	Los Angeles	Anaheim	10:30 PM ET	NBCSN,SN1
Thu Nov 13, 2014	Colorado	NY Rangers	7:00 PM ET	NHLN-US,ALT
Thu Nov 13, 2014	Winnipeg	Carolina	7:00 PM ET	TSN3
Thu Nov 13, 2014	Boston	Montréal	7:30 PM ET	SN360,NESN,RDS
Thu Nov 13, 2014	San Jose	Tampa Bay	7:30 PM ET	CSN-CA,SUN
Thu Nov 13, 2014	Nashville	St. Louis	8:00 PM ET	
Thu Nov 13, 2014	Buffalo	Minnesota	8:00 PM ET	FS-N
Thu Nov 13, 2014	Arizona	Calgary	9:00 PM ET	FS-A,SNF
Thu Nov 13, 2014	Ottawa	Edmonton	9:30 PM ET	RDS2,TSN5,SNOL
Thu Nov 13, 2014	Dallas	Los Angeles	10:30 PM ET	
Fri Nov 14, 2014	Columbus	Philadelphia	7:00 PM ET	FS-O,TCN-PH
Fri Nov 14, 2014	New Jersey	Washington	7:00 PM ET	CSN-DC
Fri Nov 14, 2014	Pittsburgh	Toronto	7:30 PM ET	TVA Sports,ROOT,TSN4
Fri Nov 14, 2014	Chicago	Detroit	7:30 PM ET	CSN-CH,FS-D
Fri Nov 14, 2014	NY Islanders	Florida	7:30 PM ET	FS-F
Fri Nov 14, 2014	Arizona	Vancouver	10:00 PM ET	FS-A PLUS,SNP
Sat Nov 15, 2014	Carolina	Boston	1:00 PM ET	NESN
Sat Nov 15, 2014	Minnesota	Dallas	2:00 PM ET	FS-N
Sat Nov 15, 2014	Anaheim	Los Angeles	4:00 PM ET	
Sat Nov 15, 2014	Toronto	Buffalo	7:00 PM ET	HNIC
Sat Nov 15, 2014	Philadelphia	Montréal	7:00 PM ET	HNIC,TVA Sports,CSN-PH
Sat Nov 15, 2014	NY Islanders	Tampa Bay	7:00 PM ET	HNIC,SUN
Sat Nov 15, 2014	Colorado	New Jersey	7:00 PM ET	ALT
Sat Nov 15, 2014	NY Rangers	Pittsburgh	7:00 PM ET	NHLN-US,HNIC,ROOT
Sat Nov 15, 2014	San Jose	Columbus	7:00 PM ET	CSN-CA,FS-O
Sat Nov 15, 2014	Winnipeg	Nashville	7:00 PM ET	HNIC
Sat Nov 15, 2014	Washington	St. Louis	8:00 PM ET	CSN-DC+
Sat Nov 15, 2014	Ottawa	Calgary	10:00 PM ET	HNIC,TVA Sports 2
Sun Nov 16, 2014	San Jose	Carolina	5:00 PM ET	CSN-CA
Sun Nov 16, 2014	Winnipeg	Minnesota	5:00 PM ET	TSN3,FS-N
Sun Nov 16, 2014	Montréal	Detroit	7:00 PM ET	CITY TV,RDS,FS-D
Sun Nov 16, 2014	Dallas	Chicago	7:00 PM ET	TVA Sports,WGN
Sun Nov 16, 2014	Florida	Anaheim	8:00 PM ET	FS-F
Sun Nov 16, 2014	Arizona	Edmonton	9:00 PM ET	FS-A,SNW
Mon Nov 17, 2014	Tampa Bay	NY Rangers	7:00 PM ET	TVA Sports,SN1,SUN
Tue Nov 18, 2014	St. Louis	Boston	7:00 PM ET	TVA Sports,NESN
Tue Nov 18, 2014	Tampa Bay	NY Islanders	7:00 PM ET	SUN
Tue Nov 18, 2014	Detroit	Columbus	7:00 PM ET	FS-D,FS-O
Tue Nov 18, 2014	San Jose	Buffalo	7:30 PM ET	NBCSN,CSN-CA
Tue Nov 18, 2014	Nashville	Toronto	7:30 PM ET	TSN4
Tue Nov 18, 2014	Pittsburgh	Montréal	7:30 PM ET	ROOT,RDS,SNE
Tue Nov 18, 2014	New Jersey	Winnipeg	8:00 PM ET	TSN3
Tue Nov 18, 2014	Carolina	Dallas	8:30 PM ET	
Tue Nov 18, 2014	Anaheim	Calgary	9:00 PM ET	SNW
Tue Nov 18, 2014	Washington	Arizona	9:00 PM ET	CSN-DC,FS-A
Tue Nov 18, 2014	Florida	Los Angeles	10:30 PM ET	FS-F
Wed Nov 19, 2014	Philadelphia	NY Rangers	8:00 PM ET	NBCSN,TVA Sports,SN1
Wed Nov 19, 2014	Vancouver	Edmonton	8:00 PM ET	SN
Thu Nov 20, 2014	Minnesota	Philadelphia	7:00 PM ET	NHLN-US,FS-N,CSN-PH
Thu Nov 20, 2014	Tampa Bay	Toronto	7:30 PM ET	SUN,TSN4
Thu Nov 20, 2014	St. Louis	Montréal	7:30 PM ET	RDS,CITYM
Thu Nov 20, 2014	Nashville	Ottawa	7:30 PM ET	RDS2,TSN5
Thu Nov 20, 2014	Detroit	Winnipeg	8:00 PM ET	FS-D,TSN3
Thu Nov 20, 2014	Arizona	Dallas	8:30 PM ET	FS-A
Thu Nov 20, 2014	Washington	Colorado	9:00 PM ET	SN360,CSN-DC,ALT
Thu Nov 20, 2014	Chicago	Calgary	9:00 PM ET	CSN-CH,SNF
Thu Nov 20, 2014	Anaheim	Vancouver	10:00 PM ET	SNV
Thu Nov 20, 2014	Carolina	Los Angeles	10:30 PM ET	
Thu Nov 20, 2014	Florida	San Jose	10:30 PM ET	FS-F,CSN-CA
Fri Nov 21, 2014	NY Rangers	Buffalo	7:00 PM ET	
Fri Nov 21, 2014	NY Islanders	Pittsburgh	7:00 PM ET	TVA Sports,SN,ROOT
Fri Nov 21, 2014	Boston	Columbus	7:00 PM ET	NESN,FS-O
Fri Nov 21, 2014	New Jersey	Edmonton	9:30 PM ET	SNW
Sat Nov 22, 2014	St. Louis	Ottawa	3:00 PM ET	RDS,TSN5
Sat Nov 22, 2014	Montréal	Boston	7:00 PM ET	NHLN-US,HNIC,TVA Sports,NESN
Sat Nov 22, 2014	Detroit	Toronto	7:00 PM ET	HNIC,FS-D
Sat Nov 22, 2014	Minnesota	Tampa Bay	7:00 PM ET	FS-N+,SUN
Sat Nov 22, 2014	Pittsburgh	NY Islanders	7:00 PM ET	HNIC,ROOT
Sat Nov 22, 2014	Columbus	Philadelphia	7:00 PM ET	FS-O,CSN-PH
Sat Nov 22, 2014	Buffalo	Washington	7:00 PM ET	HNIC,CSN-DC
Sat Nov 22, 2014	Florida	Nashville	8:00 PM ET	FS-F
Sat Nov 22, 2014	Los Angeles	Dallas	8:00 PM ET	
Sat Nov 22, 2014	Carolina	Colorado	9:00 PM ET	ALT
Sat Nov 22, 2014	New Jersey	Calgary	10:00 PM ET	HNIC
Sat Nov 22, 2014	Chicago	Edmonton	10:00 PM ET	HNIC,TVA Sports 2,WGN
Sat Nov 22, 2014	Arizona	San Jose	10:30 PM ET	FS-A,CSN-CA
Sun Nov 23, 2014	St. Louis	Winnipeg	4:30 PM ET	TVA Sports,TSN3
Sun Nov 23, 2014	Montréal	NY Rangers	7:00 PM ET	NHLN-US,CITY TV,RDS
Sun Nov 23, 2014	Arizona	Anaheim	8:00 PM ET	FS-A
Sun Nov 23, 2014	Chicago	Vancouver	10:00 PM ET	CSN-CH,SNP
Mon Nov 24, 2014	Pittsburgh	Boston	7:00 PM ET	NBCSN,TVA Sports,SN,ROOT,NESN
Mon Nov 24, 2014	Philadelphia	NY Islanders	7:00 PM ET	TCN-PH
Mon Nov 24, 2014	Ottawa	Detroit	7:30 PM ET	RDS,TSN5,FS-D
Mon Nov 24, 2014	Minnesota	Florida	7:30 PM ET	FS-N,FS-F
Tue Nov 25, 2014	Winnipeg	Columbus	7:00 PM ET	TSN3,FS-O
Tue Nov 25, 2014	Ottawa	St. Louis	8:00 PM ET	RDS,TSN5
Tue Nov 25, 2014	Los Angeles	Nashville	8:00 PM ET	
Tue Nov 25, 2014	Edmonton	Dallas	8:30 PM ET	SNW
Tue Nov 25, 2014	Colorado	Arizona	9:00 PM ET	TVA Sports,ALT2,FS-A
Tue Nov 25, 2014	New Jersey	Vancouver	10:00 PM ET	SNP
Tue Nov 25, 2014	Calgary	Anaheim	10:00 PM ET	SNW,SNF
Wed Nov 26, 2014	Winnipeg	Buffalo	7:00 PM ET	SN1
Wed Nov 26, 2014	Washington	NY Islanders	7:00 PM ET	CSN-DC+
Wed Nov 26, 2014	Philadelphia	Detroit	7:30 PM ET	NBCSN,TCN-PH,FS-D+
Wed Nov 26, 2014	NY Rangers	Tampa Bay	7:30 PM ET	SUN
Wed Nov 26, 2014	Carolina	Florida	7:30 PM ET	FS-F
Wed Nov 26, 2014	Toronto	Pittsburgh	7:30 PM ET	TVA Sports,SN,ROOT
Wed Nov 26, 2014	Los Angeles	Minnesota	8:00 PM ET	FS-N
Wed Nov 26, 2014	Chicago	Colorado	9:00 PM ET	TVA Sports 2,CSN-CH,ALT
Wed Nov 26, 2014	Calgary	San Jose	10:30 PM ET	SNW,CSN-CA
Thu Nov 27, 2014	Edmonton	Nashville	8:00 PM ET	SN360
Fri Nov 28, 2014	NY Rangers	Philadelphia	1:00 PM ET	NBC,SN
Fri Nov 28, 2014	Chicago	Anaheim	4:00 PM ET	NHLN-US,SN,WGN
Fri Nov 28, 2014	NY Islanders	Washington	5:00 PM ET	CSN-DC
Fri Nov 28, 2014	Winnipeg	Boston	7:00 PM ET	TVA Sports 2,TSN3,NESN
Fri Nov 28, 2014	Montréal	Buffalo	7:00 PM ET	RDS,SNE
Fri Nov 28, 2014	Detroit	New Jersey	7:00 PM ET	FS-D
Fri Nov 28, 2014	Carolina	Pittsburgh	7:00 PM ET	NHLN-US,ROOT
Fri Nov 28, 2014	Vancouver	Columbus	7:00 PM ET	SNP,FS-O
Fri Nov 28, 2014	Ottawa	Florida	7:30 PM ET	RDS2,TSN5,FS-F
Fri Nov 28, 2014	Edmonton	St. Louis	8:00 PM ET	SNW
Fri Nov 28, 2014	Minnesota	Dallas	8:30 PM ET	FS-N+
Sat Nov 29, 2014	Philadelphia	NY Rangers	1:00 PM ET	CSN-PH
Sat Nov 29, 2014	Washington	Toronto	7:00 PM ET	HNIC,CSN-DC
Sat Nov 29, 2014	Buffalo	Montréal	7:00 PM ET	NHLN-US,HNIC,TVA Sports
Sat Nov 29, 2014	Ottawa	Tampa Bay	7:00 PM ET	HNIC,SUN
Sat Nov 29, 2014	New Jersey	NY Islanders	7:00 PM ET	
Sat Nov 29, 2014	Pittsburgh	Carolina	7:00 PM ET	HNIC,ROOT
Sat Nov 29, 2014	Columbus	Nashville	8:00 PM ET	FS-O
Sat Nov 29, 2014	St. Louis	Minnesota	8:00 PM ET	FS-N
Sat Nov 29, 2014	Dallas	Colorado	9:00 PM ET	HNIC,ALT
Sat Nov 29, 2014	Calgary	Arizona	10:00 PM ET	HNIC,FS-A
Sat Nov 29, 2014	Chicago	Los Angeles	10:00 PM ET	NHLN-US,HNIC,TVA Sports 2,WGN
Sat Nov 29, 2014	Anaheim	San Jose	10:30 PM ET	CSN-CA
Sun Nov 30, 2014	Vancouver	Detroit	2:00 PM ET	CITY TV,TVA Sports,FS-D
Mon Dec 1, 2014	Tampa Bay	NY Rangers	7:00 PM ET	NHLN-US,TVA Sports,SNO,SNP,SUN
Mon Dec 1, 2014	Florida	Columbus	7:00 PM ET	FS-F,FS-O
Mon Dec 1, 2014	Montréal	Colorado	9:00 PM ET	RDS,SNE,ALT
Mon Dec 1, 2014	Arizona	Edmonton	9:30 PM ET	FS-A,SNW
Mon Dec 1, 2014	Boston	Anaheim	10:00 PM ET	SN1,NESN
Tue Dec 2, 2014	Ottawa	NY Islanders	7:00 PM ET	RDS,TSN5
Tue Dec 2, 2014	New Jersey	Pittsburgh	7:00 PM ET	TVA Sports,ROOT
Tue Dec 2, 2014	Vancouver	Washington	7:00 PM ET	SNP,CSN-DC
Tue Dec 2, 2014	Nashville	Carolina	7:00 PM ET	
Tue Dec 2, 2014	Tampa Bay	Buffalo	7:30 PM ET	NBCSN
Tue Dec 2, 2014	Dallas	Toronto	7:30 PM ET	TSN4
Tue Dec 2, 2014	Florida	Detroit	7:30 PM ET	FS-F,FS-D+
Tue Dec 2, 2014	Arizona	Calgary	9:00 PM ET	FS-A PLUS,SNW
Tue Dec 2, 2014	Philadelphia	San Jose	10:00 PM ET	NBCSN,CSN-PH
Tue Dec 2, 2014	Boston	Los Angeles	10:30 PM ET	NESN
Wed Dec 3, 2014	Montréal	Minnesota	7:00 PM ET	SN,RDS,FS-N
Wed Dec 3, 2014	St. Louis	Chicago	8:00 PM ET	NBCSN,TVA Sports
Wed Dec 3, 2014	Edmonton	Winnipeg	9:00 PM ET	SN,SN1
Wed Dec 3, 2014	Philadelphia	Anaheim	10:30 PM ET	TCN-PH
Thu Dec 4, 2014	Vancouver	Pittsburgh	7:00 PM ET	SN360,ROOT
Thu Dec 4, 2014	Washington	Carolina	7:00 PM ET	CSN-DC
Thu Dec 4, 2014	New Jersey	Toronto	7:30 PM ET	TSN4
Thu Dec 4, 2014	NY Islanders	Ottawa	7:30 PM ET	RDS,TSN5
Thu Dec 4, 2014	Dallas	Detroit	7:30 PM ET	NHLN-US,FS-D
Thu Dec 4, 2014	Buffalo	Tampa Bay	7:30 PM ET	SUN
Thu Dec 4, 2014	Columbus	Florida	7:30 PM ET	FS-O,FS-F
Thu Dec 4, 2014	St. Louis	Nashville	8:00 PM ET	
Thu Dec 4, 2014	Colorado	Calgary	9:00 PM ET	SN1,TVA Sports 2,ALT
Thu Dec 4, 2014	Los Angeles	Arizona	9:00 PM ET	FS-A
Thu Dec 4, 2014	Boston	San Jose	10:30 PM ET	SN360,NESN,CSN-CA
Fri Dec 5, 2014	Anaheim	Minnesota	8:00 PM ET	FS-N+
Fri Dec 5, 2014	Colorado	Winnipeg	8:00 PM ET	ALT,TSN3
Fri Dec 5, 2014	Montréal	Chicago	8:30 PM ET	RDS,SNE,CSN-CH
Sat Dec 6, 2014	Ottawa	Pittsburgh	1:00 PM ET	RDS,TSN5,ROOT
Sat Dec 6, 2014	St. Louis	NY Islanders	1:00 PM ET	
Sat Dec 6, 2014	Philadelphia	Los Angeles	4:00 PM ET	TVA Sports 2,CSN-PH
Sat Dec 6, 2014	Vancouver	Toronto	7:00 PM ET	HNIC
Sat Dec 6, 2014	NY Rangers	Detroit	7:00 PM ET	NHLN-US,HNIC,FS-D
Sat Dec 6, 2014	Columbus	Tampa Bay	7:00 PM ET	FS-O,SUN
Sat Dec 6, 2014	Buffalo	Florida	7:00 PM ET	FS-F
Sat Dec 6, 2014	Washington	New Jersey	7:00 PM ET	CSN-DC
Sat Dec 6, 2014	Chicago	Nashville	7:00 PM ET	HNIC,CSN-CH
Sat Dec 6, 2014	Montréal	Dallas	7:00 PM ET	HNIC,TVA Sports
Sat Dec 6, 2014	Boston	Arizona	8:00 PM ET	NESN,FS-A
Sat Dec 6, 2014	San Jose	Calgary	10:00 PM ET	HNIC,CSN-CA
Sun Dec 7, 2014	Anaheim	Winnipeg	3:00 PM ET	TSN3
Sun Dec 7, 2014	Detroit	Carolina	5:00 PM ET	FS-D+
Sun Dec 7, 2014	Vancouver	Ottawa	7:00 PM ET	NHLN-US,CITY TV,TVA Sports
Sun Dec 7, 2014	San Jose	Edmonton	9:00 PM ET	CSN-CA,SNW
Mon Dec 8, 2014	Pittsburgh	NY Rangers	7:00 PM ET	TVA Sports,SN,ROOT
Mon Dec 8, 2014	New Jersey	Carolina	7:00 PM ET	
Mon Dec 8, 2014	Florida	St. Louis	8:00 PM ET	FS-F
Tue Dec 9, 2014	Chicago	New Jersey	7:00 PM ET	CSN-CH
Tue Dec 9, 2014	Philadelphia	Columbus	7:00 PM ET	CSN-PH,FS-O
Tue Dec 9, 2014	Los Angeles	Buffalo	7:30 PM ET	NBCSN
Tue Dec 9, 2014	Calgary	Toronto	7:30 PM ET	SNW,TSN4
Tue Dec 9, 2014	Vancouver	Montréal	7:30 PM ET	SNP,RDS,SNE
Tue Dec 9, 2014	Washington	Tampa Bay	7:30 PM ET	TVA Sports,CSN-DC,SUN
Tue Dec 9, 2014	NY Islanders	Minnesota	8:00 PM ET	FS-N
Tue Dec 9, 2014	Winnipeg	Dallas	8:30 PM ET	TSN3
Tue Dec 9, 2014	Nashville	Colorado	9:00 PM ET	ALT
Tue Dec 9, 2014	Edmonton	San Jose	10:30 PM ET	SNW,CSN-CA
Wed Dec 10, 2014	Toronto	Detroit	8:00 PM ET	NBCSN,TVA Sports,SN
Wed Dec 10, 2014	Edmonton	Anaheim	10:00 PM ET	SNW,SNF
Thu Dec 11, 2014	Chicago	Boston	7:00 PM ET	NHLN-US,SN360,TVA Sports 2,CSN-CH,NESN
Thu Dec 11, 2014	Calgary	Buffalo	7:00 PM ET	SNF
Thu Dec 11, 2014	New Jersey	Philadelphia	7:00 PM ET	CSN-PH
Thu Dec 11, 2014	Columbus	Washington	7:00 PM ET	FS-O,CSN-DC
Thu Dec 11, 2014	Los Angeles	Ottawa	7:30 PM ET	RDS,TSN5
Thu Dec 11, 2014	Carolina	Tampa Bay	7:30 PM ET	SUN
Thu Dec 11, 2014	NY Islanders	St. Louis	8:00 PM ET	
Thu Dec 11, 2014	Winnipeg	Colorado	9:00 PM ET	TSN3,ALT
Thu Dec 11, 2014	Nashville	Arizona	9:00 PM ET	
Thu Dec 11, 2014	Minnesota	San Jose	10:30 PM ET	FS-N,CSN-CA
Fri Dec 12, 2014	Calgary	Pittsburgh	7:00 PM ET	TVA Sports,SNW,ROOT
Fri Dec 12, 2014	Los Angeles	Montréal	7:30 PM ET	RDS,SNE
Fri Dec 12, 2014	Florida	Detroit	7:30 PM ET	FS-F,FS-D
Fri Dec 12, 2014	Anaheim	Edmonton	9:30 PM ET	SNW
Sat Dec 13, 2014	Ottawa	Boston	1:00 PM ET	RDS,TSN5,NESN
Sat Dec 13, 2014	Carolina	Philadelphia	1:00 PM ET	CSN-PH
Sat Dec 13, 2014	Florida	Buffalo	7:00 PM ET	FS-F
Sat Dec 13, 2014	Detroit	Toronto	7:00 PM ET	NHLN-US,HNIC,TVA Sports,FS-D
Sat Dec 13, 2014	Chicago	NY Islanders	7:00 PM ET	HNIC,WGN
Sat Dec 13, 2014	Tampa Bay	Washington	7:00 PM ET	HNIC,SUN,CSN-DC
Sat Dec 13, 2014	Pittsburgh	Columbus	7:00 PM ET	HNIC,ROOT,FS-O
Sat Dec 13, 2014	Anaheim	Winnipeg	7:00 PM ET	HNIC
Sat Dec 13, 2014	Minnesota	Arizona	8:00 PM ET	FS-N,FS-A
Sat Dec 13, 2014	New Jersey	Dallas	8:30 PM ET	
Sat Dec 13, 2014	St. Louis	Colorado	10:00 PM ET	NHLN-US,HNIC,TVA Sports,ALT
Sat Dec 13, 2014	NY Rangers	Vancouver	10:00 PM ET	HNIC
Sat Dec 13, 2014	Nashville	San Jose	10:30 PM ET	CSN-CA
Sun Dec 14, 2014	Los Angeles	Toronto	5:00 PM ET	TVA Sports,SNO
Sun Dec 14, 2014	Calgary	Chicago	8:00 PM ET	NHLN-US,CITY TV,CSN-CH
Sun Dec 14, 2014	NY Rangers	Edmonton	9:30 PM ET	SNW
Mon Dec 15, 2014	New Jersey	NY Islanders	7:00 PM ET	
Mon Dec 15, 2014	Tampa Bay	Pittsburgh	7:00 PM ET	NBCSN,TVA Sports,SN,ROOT
Tue Dec 16, 2014	Tampa Bay	Philadelphia	7:00 PM ET	SUN,CSN-PH
Tue Dec 16, 2014	Anaheim	Toronto	7:30 PM ET	TVA Sports,TSN4
Tue Dec 16, 2014	Carolina	Montréal	7:30 PM ET	RDS,SNE
Tue Dec 16, 2014	Columbus	Detroit	7:30 PM ET	FS-O,FS-D
Tue Dec 16, 2014	Washington	Florida	7:30 PM ET	CSN-DC+,FS-F
Tue Dec 16, 2014	Los Angeles	St. Louis	8:00 PM ET	NHLN-US
Tue Dec 16, 2014	Boston	Nashville	8:00 PM ET	NESN
Tue Dec 16, 2014	Buffalo	Winnipeg	8:00 PM ET	TSN3
Tue Dec 16, 2014	Minnesota	Chicago	8:30 PM ET	FS-N,CSN-CH
Tue Dec 16, 2014	NY Rangers	Calgary	9:00 PM ET	SNF
Tue Dec 16, 2014	Edmonton	Arizona	9:00 PM ET	SNW,FS-A
Wed Dec 17, 2014	Ottawa	New Jersey	7:00 PM ET	TVA Sports,SN
Wed Dec 17, 2014	Boston	Minnesota	8:00 PM ET	NBCSN,SN1
Wed Dec 17, 2014	Dallas	Vancouver	10:00 PM ET	SN
Thu Dec 18, 2014	Florida	Philadelphia	7:00 PM ET	FS-F,CSN-PH
Thu Dec 18, 2014	Colorado	Pittsburgh	7:00 PM ET	NHLN-US,SN360,TVA Sports 2,ALT,ROOT
Thu Dec 18, 2014	Toronto	Carolina	7:00 PM ET	TSN4
Thu Dec 18, 2014	Washington	Columbus	7:00 PM ET	CSN-DC,FS-O
Thu Dec 18, 2014	Anaheim	Montréal	7:30 PM ET	RDS,CITYM
Thu Dec 18, 2014	St. Louis	Los Angeles	10:30 PM ET	
Thu Dec 18, 2014	Edmonton	San Jose	10:30 PM ET	SN360,CSN-CA
Fri Dec 19, 2014	Tampa Bay	New Jersey	7:00 PM ET	TVA Sports,SUN
Fri Dec 19, 2014	Anaheim	Ottawa	7:30 PM ET	RDS,TSN5
Fri Dec 19, 2014	NY Islanders	Detroit	7:30 PM ET	SN1,FS-D
Fri Dec 19, 2014	Boston	Winnipeg	8:00 PM ET	NESN,TSN3
Fri Dec 19, 2014	Dallas	Calgary	9:00 PM ET	SNW
Sat Dec 20, 2014	Arizona	Los Angeles	4:00 PM ET	FS-A
Sat Dec 20, 2014	Colorado	Buffalo	7:00 PM ET	HNIC,ALT2
Sat Dec 20, 2014	Philadelphia	Toronto	7:00 PM ET	HNIC,CSN-PH
Sat Dec 20, 2014	Ottawa	Montréal	7:00 PM ET	NHLN-US,HNIC,TVA Sports
Sat Dec 20, 2014	Washington	New Jersey	7:00 PM ET	CSN-DC
Sat Dec 20, 2014	Tampa Bay	NY Islanders	7:00 PM ET	HNIC,SUN
Sat Dec 20, 2014	Florida	Pittsburgh	7:00 PM ET	FS-F,ROOT
Sat Dec 20, 2014	NY Rangers	Carolina	7:00 PM ET	
Sat Dec 20, 2014	Chicago	Columbus	7:00 PM ET	WGN,FS-O
Sat Dec 20, 2014	Nashville	Minnesota	8:00 PM ET	FS-N
Sat Dec 20, 2014	Calgary	Vancouver	10:00 PM ET	HNIC
Sat Dec 20, 2014	St. Louis	San Jose	10:30 PM ET	CSN-CA
Sun Dec 21, 2014	Colorado	Detroit	6:00 PM ET	ALT,FS-D
Sun Dec 21, 2014	Dallas	Edmonton	6:00 PM ET	SNW
Sun Dec 21, 2014	Buffalo	Boston	7:00 PM ET	NESN
Sun Dec 21, 2014	Carolina	NY Rangers	7:00 PM ET	
Sun Dec 21, 2014	Toronto	Chicago	7:00 PM ET	NHLN-US,CITY TV,TVA Sports,WGN
Sun Dec 21, 2014	Philadelphia	Winnipeg	9:00 PM ET	TCN-PH,TSN3
Mon Dec 22, 2014	Ottawa	Washington	7:00 PM ET	RDS,TSN5,CSN-DC
Mon Dec 22, 2014	Nashville	Columbus	7:00 PM ET	FS-O
Mon Dec 22, 2014	Pittsburgh	Florida	7:30 PM ET	TVA Sports,SN,ROOT,FS-F
Mon Dec 22, 2014	Arizona	Vancouver	10:00 PM ET	NHLN-US,FS-A,SNP
Mon Dec 22, 2014	San Jose	Anaheim	10:00 PM ET	CSN-CA
Mon Dec 22, 2014	Calgary	Los Angeles	10:30 PM ET	SNW
Tue Dec 23, 2014	Nashville	Boston	7:00 PM ET	NESN
Tue Dec 23, 2014	Carolina	New Jersey	7:00 PM ET	
Tue Dec 23, 2014	Montréal	NY Islanders	7:00 PM ET	RDS,SNE
Tue Dec 23, 2014	Washington	NY Rangers	7:00 PM ET	CSN-DC
Tue Dec 23, 2014	Philadelphia	Minnesota	7:00 PM ET	TCN-PH,FS-N+
Tue Dec 23, 2014	Toronto	Dallas	7:00 PM ET	SNO
Tue Dec 23, 2014	Buffalo	Detroit	7:30 PM ET	FS-D
Tue Dec 23, 2014	Pittsburgh	Tampa Bay	7:30 PM ET	TVA Sports,ROOT,SUN
Tue Dec 23, 2014	Arizona	Edmonton	8:00 PM ET	SNW
Tue Dec 23, 2014	St. Louis	Colorado	8:00 PM ET	NBCSN,TVA Sports 2
Tue Dec 23, 2014	Winnipeg	Chicago	8:30 PM ET	TSN3,CSN-CH+
Sat Dec 27, 2014	NY Islanders	Buffalo	7:00 PM ET	
Sat Dec 27, 2014	Detroit	Ottawa	7:00 PM ET	HNIC,TVA Sports 2,FS-D
Sat Dec 27, 2014	Carolina	Tampa Bay	7:00 PM ET	SUN
Sat Dec 27, 2014	New Jersey	NY Rangers	7:00 PM ET	
Sat Dec 27, 2014	Boston	Columbus	7:00 PM ET	HNIC,NESN,FS-O
Sat Dec 27, 2014	Winnipeg	Minnesota	7:00 PM ET	HNIC,FS-N
Sat Dec 27, 2014	Washington	Pittsburgh	7:30 PM ET	NBCSN,HNIC,TVA Sports,ROOT
Sat Dec 27, 2014	Dallas	St. Louis	8:00 PM ET	
Sat Dec 27, 2014	Philadelphia	Nashville	8:00 PM ET	CSN-PH
Sat Dec 27, 2014	Anaheim	Arizona	8:00 PM ET	FS-A
Sat Dec 27, 2014	Chicago	Colorado	9:00 PM ET	CSN-CH,ALT
Sat Dec 27, 2014	Edmonton	Calgary	10:00 PM ET	HNIC
Sat Dec 27, 2014	San Jose	Los Angeles	10:00 PM ET	NBCSN
Sun Dec 28, 2014	Toronto	Florida	5:00 PM ET	TVA Sports,SNO,FS-F
Sun Dec 28, 2014	Vancouver	Anaheim	8:00 PM ET	CITY TV,TVA Sports
Mon Dec 29, 2014	Detroit	Boston	7:00 PM ET	NBCSN,TVA Sports,SN1,SNP,FS-D,NESN
Mon Dec 29, 2014	Pittsburgh	New Jersey	7:00 PM ET	ROOT
Mon Dec 29, 2014	Washington	NY Islanders	7:00 PM ET	CSN-DC
Mon Dec 29, 2014	Montréal	Carolina	7:00 PM ET	RDS,SNE
Mon Dec 29, 2014	Buffalo	Ottawa	7:30 PM ET	RDSI,TSN5
Mon Dec 29, 2014	Toronto	Tampa Bay	7:30 PM ET	SNO,SUN
Mon Dec 29, 2014	Colorado	St. Louis	8:00 PM ET	ALT
Mon Dec 29, 2014	Minnesota	Winnipeg	8:00 PM ET	FS-N,TSN3
Mon Dec 29, 2014	Nashville	Chicago	8:30 PM ET	CSN-CH
Mon Dec 29, 2014	NY Rangers	Dallas	8:30 PM ET	
Mon Dec 29, 2014	Los Angeles	Calgary	9:00 PM ET	SNW
Mon Dec 29, 2014	Philadelphia	Arizona	9:00 PM ET	CSN-PH,FS-A
Tue Dec 30, 2014	Montréal	Florida	7:30 PM ET	RDS,SNE,FS-F
Tue Dec 30, 2014	St. Louis	Nashville	8:00 PM ET	
Tue Dec 30, 2014	Los Angeles	Edmonton	9:30 PM ET	TVA Sports,SNW
Tue Dec 30, 2014	Vancouver	San Jose	10:00 PM ET	SNP,CSN-CA
Wed Dec 31, 2014	NY Islanders	Winnipeg	5:00 PM ET	TSN3
Wed Dec 31, 2014	Tampa Bay	Buffalo	6:00 PM ET	SUN
Wed Dec 31, 2014	NY Rangers	Florida	6:00 PM ET	FS-F
Wed Dec 31, 2014	Toronto	Boston	7:00 PM ET	TVA Sports,SN,NESN
Wed Dec 31, 2014	Carolina	Pittsburgh	7:00 PM ET	ROOT
Wed Dec 31, 2014	Minnesota	Columbus	7:00 PM ET	FS-N,FS-O
Wed Dec 31, 2014	New Jersey	Detroit	7:30 PM ET	FS-D
Wed Dec 31, 2014	San Jose	Anaheim	8:00 PM ET	CSN-CA
Wed Dec 31, 2014	Arizona	Dallas	8:30 PM ET	FS-A PLUS
Wed Dec 31, 2014	Philadelphia	Colorado	9:00 PM ET	CSN-PH,ALT
Wed Dec 31, 2014	Edmonton	Calgary	9:30 PM ET	SN
Thu Jan 1, 2015	Chicago	Washington	1:00 PM ET	CBC,NBC,TVA Sports
Thu Jan 1, 2015	Los Angeles	Vancouver	10:00 PM ET	SN
Fri Jan 2, 2015	Florida	Buffalo	7:00 PM ET	FS-F
Fri Jan 2, 2015	Montréal	New Jersey	7:00 PM ET	RDS,SNE
Fri Jan 2, 2015	Tampa Bay	Pittsburgh	7:00 PM ET	TVA Sports,SNE,SNO,SNP,SUN,ROOT
Fri Jan 2, 2015	Philadelphia	Carolina	7:00 PM ET	CSN-PH
Fri Jan 2, 2015	Toronto	Minnesota	8:00 PM ET	SNO,FS-N
Fri Jan 2, 2015	Edmonton	Colorado	9:00 PM ET	SNW,ALT
Fri Jan 2, 2015	NY Islanders	Calgary	9:00 PM ET	SN1
Fri Jan 2, 2015	St. Louis	Anaheim	10:00 PM ET	
Sat Jan 3, 2015	Ottawa	Boston	1:00 PM ET	RDS,TSN5,NESN
Sat Jan 3, 2015	Nashville	Los Angeles	4:00 PM ET	
Sat Jan 3, 2015	Philadelphia	New Jersey	7:00 PM ET	NHLN-US,HNIC,CSN-PH
Sat Jan 3, 2015	Buffalo	NY Rangers	7:00 PM ET	HNIC
Sat Jan 3, 2015	Montréal	Pittsburgh	7:00 PM ET	HNIC,TVA Sports,ROOT
Sat Jan 3, 2015	Toronto	Winnipeg	7:00 PM ET	HNIC
Sat Jan 3, 2015	Minnesota	Dallas	8:00 PM ET	FS-N
Sat Jan 3, 2015	Columbus	Arizona	8:00 PM ET	FS-O,FS-A
Sat Jan 3, 2015	Detroit	Vancouver	10:00 PM ET	HNIC,TVA Sports 2,FS-D
Sat Jan 3, 2015	St. Louis	San Jose	10:30 PM ET	CSN-CA
Sun Jan 4, 2015	Boston	Carolina	1:00 PM ET	NESN
Sun Jan 4, 2015	Florida	Washington	3:00 PM ET	FS-F,CSN-DC
Sun Jan 4, 2015	Tampa Bay	Ottawa	7:00 PM ET	CITY TV,TVA Sports,SUN
Sun Jan 4, 2015	Dallas	Chicago	8:00 PM ET	NBCSN,WGN
Sun Jan 4, 2015	Columbus	Colorado	8:00 PM ET	FS-O,ALT
Sun Jan 4, 2015	Nashville	Anaheim	8:00 PM ET	
Sun Jan 4, 2015	NY Islanders	Edmonton	9:30 PM ET	SNW
Mon Jan 5, 2015	San Jose	Winnipeg	8:00 PM ET	TVA Sports,CSN-CA,TSN3
Tue Jan 6, 2015	Buffalo	New Jersey	7:00 PM ET	
Tue Jan 6, 2015	Ottawa	Philadelphia	7:00 PM ET	RDS2,TSN5,CSN-PH
Tue Jan 6, 2015	Tampa Bay	Montréal	7:30 PM ET	SUN,RDS,SNE
Tue Jan 6, 2015	Carolina	Nashville	8:00 PM ET	
Tue Jan 6, 2015	San Jose	Minnesota	8:00 PM ET	NBCSN
Tue Jan 6, 2015	Colorado	Chicago	8:30 PM ET	SN1,SNO,TVA Sports 2,ALT,CSN-CH
Tue Jan 6, 2015	Columbus	Dallas	8:30 PM ET	FS-O
Tue Jan 6, 2015	St. Louis	Arizona	9:00 PM ET	
Tue Jan 6, 2015	Detroit	Edmonton	9:30 PM ET	FS-D+,SNW
Tue Jan 6, 2015	NY Islanders	Vancouver	10:00 PM ET	SNP
Wed Jan 7, 2015	Washington	Toronto	7:00 PM ET	SN,CSN-DC
Wed Jan 7, 2015	Boston	Pittsburgh	8:00 PM ET	NBCSN,TVA Sports
Wed Jan 7, 2015	Detroit	Calgary	9:30 PM ET	SN,FS-D+
Wed Jan 7, 2015	NY Rangers	Anaheim	10:30 PM ET	NBCSN
Thu Jan 8, 2015	New Jersey	Boston	7:00 PM ET	NESN
Thu Jan 8, 2015	Washington	Philadelphia	7:00 PM ET	TVA Sports,SN360,CSN-DC,CSN-PH
Thu Jan 8, 2015	Buffalo	Carolina	7:00 PM ET	
Thu Jan 8, 2015	San Jose	St. Louis	8:00 PM ET	CSN-CA
Thu Jan 8, 2015	Dallas	Nashville	8:00 PM ET	
Thu Jan 8, 2015	Chicago	Minnesota	8:00 PM ET	NHLN-US,CSN-CH,FS-N
Thu Jan 8, 2015	Ottawa	Colorado	9:00 PM ET	RDS,TSN5,ALT
Thu Jan 8, 2015	Winnipeg	Arizona	9:00 PM ET	TSN3,FS-A
Thu Jan 8, 2015	Florida	Vancouver	10:00 PM ET	FS-F,SNP
Thu Jan 8, 2015	NY Rangers	Los Angeles	10:30 PM ET	NHLN-US,SN360
Fri Jan 9, 2015	NY Islanders	New Jersey	7:00 PM ET	TVA Sports 2
Fri Jan 9, 2015	Columbus	Toronto	7:30 PM ET	FS-O,TSN4
Fri Jan 9, 2015	Buffalo	Tampa Bay	7:30 PM ET	SUN
Fri Jan 9, 2015	Florida	Calgary	9:00 PM ET	SN1,FS-F
Fri Jan 9, 2015	Chicago	Edmonton	9:30 PM ET	CSN-CH,SNW
Sat Jan 10, 2015	Boston	Philadelphia	1:00 PM ET	NHLN-US,NESN,CSN-PH
Sat Jan 10, 2015	Nashville	Minnesota	2:00 PM ET	FS-N
Sat Jan 10, 2015	Dallas	Colorado	3:00 PM ET	ALT
Sat Jan 10, 2015	Pittsburgh	Montréal	7:00 PM ET	NHLN-US,HNIC,TVA Sports,ROOT
Sat Jan 10, 2015	Detroit	Washington	7:00 PM ET	HNIC,FS-D,CSN-DC
Sat Jan 10, 2015	NY Islanders	Columbus	7:00 PM ET	FS-O
Sat Jan 10, 2015	Ottawa	Arizona	7:00 PM ET	HNIC,FS-A
Sat Jan 10, 2015	Carolina	St. Louis	8:00 PM ET	
Sat Jan 10, 2015	Calgary	Vancouver	10:00 PM ET	HNIC
Sat Jan 10, 2015	Winnipeg	Los Angeles	10:00 PM ET	HNIC
Sat Jan 10, 2015	NY Rangers	San Jose	10:00 PM ET	HNIC,TVA Sports 2,CSN-CA
Sun Jan 11, 2015	Florida	Edmonton	7:00 PM ET	CITY TV,FS-F
Sun Jan 11, 2015	Minnesota	Chicago	8:00 PM ET	NBCSN,TVA Sports,WGN
Sun Jan 11, 2015	Winnipeg	Anaheim	9:00 PM ET	TSN3
Mon Jan 12, 2015	Tampa Bay	Philadelphia	7:00 PM ET	NHLN-US,SUN,CSN-PH
Mon Jan 12, 2015	Colorado	Washington	7:00 PM ET	SN,ALT,CSN-DC
Mon Jan 12, 2015	Toronto	Los Angeles	10:30 PM ET	SNO
Tue Jan 13, 2015	Tampa Bay	Boston	7:00 PM ET	TVA Sports,SNE,SNO,SUN,NESN
Tue Jan 13, 2015	Detroit	Buffalo	7:00 PM ET	SN1,FS-D
Tue Jan 13, 2015	NY Islanders	NY Rangers	7:00 PM ET	
Tue Jan 13, 2015	Minnesota	Pittsburgh	7:00 PM ET	NBCSN,ROOT
Tue Jan 13, 2015	Colorado	Carolina	7:00 PM ET	ALT
Tue Jan 13, 2015	Edmonton	St. Louis	8:00 PM ET	SNW
Tue Jan 13, 2015	Vancouver	Nashville	8:00 PM ET	SNP
Tue Jan 13, 2015	Florida	Winnipeg	8:00 PM ET	FS-F,TSN3
Tue Jan 13, 2015	Ottawa	Dallas	8:30 PM ET	RDS,TSN5
Tue Jan 13, 2015	San Jose	Arizona	9:00 PM ET	CSN-CA,FS-A PLUS
Wed Jan 14, 2015	Montréal	Columbus	7:00 PM ET	SN,RDS,FS-O
Wed Jan 14, 2015	Philadelphia	Washington	8:00 PM ET	NBCSN,TVA Sports,SN1
Wed Jan 14, 2015	Toronto	Anaheim	10:00 PM ET	SNO
Wed Jan 14, 2015	New Jersey	Los Angeles	10:30 PM ET	
Thu Jan 15, 2015	NY Rangers	Boston	7:00 PM ET	SN360,NESN
Thu Jan 15, 2015	Minnesota	Buffalo	7:00 PM ET	FS-N
Thu Jan 15, 2015	Vancouver	Philadelphia	7:00 PM ET	NHLN-US,SNP,CSN-PH
Thu Jan 15, 2015	Montréal	Ottawa	7:30 PM ET	RDS,SNE,RDS,TSN5
Thu Jan 15, 2015	Edmonton	Tampa Bay	7:30 PM ET	SNW,SUN
Thu Jan 15, 2015	Colorado	Florida	7:30 PM ET	TVA Sports,ALT,FS-F
Thu Jan 15, 2015	Detroit	St. Louis	8:00 PM ET	FS-D
Thu Jan 15, 2015	Winnipeg	Dallas	8:30 PM ET	TSN3
Thu Jan 15, 2015	Calgary	Arizona	9:00 PM ET	SNW,SNF,FS-A
Thu Jan 15, 2015	Toronto	San Jose	10:30 PM ET	TSN4,CSN-CA
Fri Jan 16, 2015	Pittsburgh	NY Islanders	7:00 PM ET	TVA Sports 2,ROOT
Fri Jan 16, 2015	Vancouver	Carolina	7:00 PM ET	SN
Fri Jan 16, 2015	NY Rangers	Columbus	7:00 PM ET	FS-O
Fri Jan 16, 2015	Washington	Nashville	8:00 PM ET	NHLN-US,CSN-DC+
Fri Jan 16, 2015	Winnipeg	Chicago	8:30 PM ET	TSN3,CSN-CH
Fri Jan 16, 2015	New Jersey	Anaheim	10:00 PM ET	
Sat Jan 17, 2015	Columbus	Boston	7:00 PM ET	HNIC,FS-O,NESN
Sat Jan 17, 2015	Philadelphia	Buffalo	7:00 PM ET	HNIC,CSN-PH
Sat Jan 17, 2015	NY Islanders	Montréal	7:00 PM ET	HNIC,TVA Sports
Sat Jan 17, 2015	Carolina	Ottawa	7:00 PM ET	HNIC,TVA Sports 2
Sat Jan 17, 2015	Nashville	Detroit	7:00 PM ET	FS-D+
Sat Jan 17, 2015	Colorado	Tampa Bay	7:00 PM ET	HNIC,ALT2,SUN
Sat Jan 17, 2015	Edmonton	Florida	7:00 PM ET	SNW,FS-F
Sat Jan 17, 2015	Toronto	St. Louis	7:00 PM ET	NHLN-US,HNIC
Sat Jan 17, 2015	Washington	Dallas	8:00 PM ET	CSN-DC
Sat Jan 17, 2015	Arizona	Minnesota	9:00 PM ET	FS-A,FS-N
Sat Jan 17, 2015	Anaheim	Los Angeles	10:00 PM ET	NHLN-US,HNIC
Sat Jan 17, 2015	Calgary	San Jose	10:00 PM ET	HNIC,CSN-CA
Sun Jan 18, 2015	NY Rangers	Pittsburgh	12:30 PM ET	NBC,TVA Sports,SN
Sun Jan 18, 2015	Dallas	Chicago	6:00 PM ET	WGN
Sun Jan 18, 2015	Arizona	Winnipeg	7:00 PM ET	CITY TV,FS-A
Sun Jan 18, 2015	Buffalo	Detroit	8:00 PM ET	NBCSN
Mon Jan 19, 2015	Philadelphia	NY Islanders	1:00 PM ET	NHLN-US,TCN-PH
Mon Jan 19, 2015	Carolina	Toronto	7:30 PM ET	TSN4
Mon Jan 19, 2015	Vancouver	Florida	7:30 PM ET	SN,FS-F
Mon Jan 19, 2015	Colorado	St. Louis	8:00 PM ET	NBCSN,SNE,SNO
Mon Jan 19, 2015	Columbus	Minnesota	8:00 PM ET	FS-O,FS-N
Mon Jan 19, 2015	Calgary	Los Angeles	10:30 PM ET	SN
Mon Jan 19, 2015	New Jersey	San Jose	10:30 PM ET	CSN-CA
Tue Jan 20, 2015	Ottawa	NY Rangers	7:00 PM ET	RDS2,TSN5
Tue Jan 20, 2015	Edmonton	Washington	7:00 PM ET	SNW,CSN-DC
Tue Jan 20, 2015	Pittsburgh	Philadelphia	7:30 PM ET	NBCSN,SN1,SNO,ROOT
Tue Jan 20, 2015	Nashville	Montréal	7:30 PM ET	RDS,SNE
Tue Jan 20, 2015	Minnesota	Detroit	7:30 PM ET	FS-N,FS-D
Tue Jan 20, 2015	Vancouver	Tampa Bay	7:30 PM ET	TVA Sports,SNP,SUN
Tue Jan 20, 2015	Arizona	Chicago	8:30 PM ET	FS-A,CSN-CH
Tue Jan 20, 2015	Boston	Dallas	8:30 PM ET	NESN
Wed Jan 21, 2015	Toronto	Ottawa	7:00 PM ET	TVA Sports,SN
Wed Jan 21, 2015	Chicago	Pittsburgh	8:00 PM ET	NBCSN
Wed Jan 21, 2015	Columbus	Winnipeg	9:00 PM ET	SN1,FS-O
Wed Jan 21, 2015	Boston	Colorado	10:00 PM ET	TVA Sports 2,NESN,ALT
Wed Jan 21, 2015	Calgary	Anaheim	10:00 PM ET	SNW
Wed Jan 21, 2015	Los Angeles	San Jose	10:30 PM ET	NBCSN
Tue Jan 27, 2015	NY Rangers	NY Islanders	7:00 PM ET	TVA Sports,SNO,SNP
Tue Jan 27, 2015	Arizona	Philadelphia	7:00 PM ET	FS-A,CSN-PH
Tue Jan 27, 2015	Winnipeg	Pittsburgh	7:00 PM ET	TSN3,ROOT
Tue Jan 27, 2015	Washington	Columbus	7:00 PM ET	CSN-DC,FS-O
Tue Jan 27, 2015	Tampa Bay	Carolina	7:30 PM ET	NBCSN
Tue Jan 27, 2015	Dallas	Montréal	7:30 PM ET	RDS,SNE
Tue Jan 27, 2015	Detroit	Florida	7:30 PM ET	FS-D,FS-F
Tue Jan 27, 2015	Colorado	Nashville	8:00 PM ET	ALT
Tue Jan 27, 2015	Buffalo	Calgary	9:00 PM ET	SNW
Tue Jan 27, 2015	Minnesota	Edmonton	9:30 PM ET	FS-N,SNOL
Tue Jan 27, 2015	Anaheim	Vancouver	10:00 PM ET	SNP
Wed Jan 28, 2015	Toronto	New Jersey	7:30 PM ET	SN
Wed Jan 28, 2015	Pittsburgh	Washington	8:00 PM ET	NBCSN,TVA Sports,SN1
Wed Jan 28, 2015	Chicago	Los Angeles	10:30 PM ET	NBCSN,SN,CSN-CH
Thu Jan 29, 2015	Boston	NY Islanders	7:00 PM ET	TVA Sports,SN360,NESN
Thu Jan 29, 2015	Montréal	NY Rangers	7:00 PM ET	NBCSN,RDS,SNE
Thu Jan 29, 2015	Winnipeg	Philadelphia	7:00 PM ET	TSN3,CSN-PH
Thu Jan 29, 2015	Arizona	Toronto	7:30 PM ET	FS-A,TSN4
Thu Jan 29, 2015	Dallas	Ottawa	7:30 PM ET	RDS2,TSN5
Thu Jan 29, 2015	Detroit	Tampa Bay	7:30 PM ET	FS-D+,SUN
Thu Jan 29, 2015	Columbus	Florida	7:30 PM ET	FS-O,FS-F
Thu Jan 29, 2015	Nashville	St. Louis	8:00 PM ET	
Thu Jan 29, 2015	Minnesota	Calgary	9:00 PM ET	FS-N,SNW
Thu Jan 29, 2015	Buffalo	Edmonton	9:30 PM ET	SNOL
Thu Jan 29, 2015	Anaheim	San Jose	10:00 PM ET	NBCSN
Fri Jan 30, 2015	Pittsburgh	New Jersey	7:00 PM ET	ROOT
Fri Jan 30, 2015	St. Louis	Carolina	7:00 PM ET	
Fri Jan 30, 2015	Nashville	Colorado	9:00 PM ET	TVA Sports 2,ALT
Fri Jan 30, 2015	Buffalo	Vancouver	10:00 PM ET	NHLN-US,SNP
Fri Jan 30, 2015	Chicago	Anaheim	10:00 PM ET	WGN
Sat Jan 31, 2015	Washington	Montréal	1:00 PM ET	NHLN-US,SN,CSN-DC,RDS
Sat Jan 31, 2015	NY Islanders	Detroit	2:00 PM ET	SN1,FS-D
Sat Jan 31, 2015	Arizona	Ottawa	3:00 PM ET	RDS2,TSN5
Sat Jan 31, 2015	Los Angeles	Boston	7:00 PM ET	NHLN-US,HNIC,TVA Sports,NESN
Sat Jan 31, 2015	Florida	New Jersey	7:00 PM ET	FS-F
Sat Jan 31, 2015	Carolina	NY Rangers	7:00 PM ET	HNIC
Sat Jan 31, 2015	Toronto	Philadelphia	7:00 PM ET	HNIC,CSN-PH
Sat Jan 31, 2015	Dallas	Winnipeg	7:00 PM ET	HNIC
Sat Jan 31, 2015	Columbus	Tampa Bay	7:30 PM ET	FS-O,SUN
Sat Jan 31, 2015	Edmonton	Calgary	10:00 PM ET	HNIC,TVA Sports
Sat Jan 31, 2015	Chicago	San Jose	10:30 PM ET	CSN-CH,CSN-CA
Sun Feb 1, 2015	Arizona	Montréal	1:00 PM ET	CITY TV,RDS
Sun Feb 1, 2015	St. Louis	Washington	1:00 PM ET	NBCSN
Sun Feb 1, 2015	Nashville	Pittsburgh	2:00 PM ET	ROOT
Sun Feb 1, 2015	Minnesota	Vancouver	3:30 PM ET	FS-N,SNP
Mon Feb 2, 2015	Florida	NY Rangers	7:00 PM ET	SNE,SNO,SNP,FS-F
Mon Feb 2, 2015	Winnipeg	Calgary	9:00 PM ET	TSN3,SNW
Mon Feb 2, 2015	Edmonton	San Jose	10:30 PM ET	SNOL,CSN-CA
Tue Feb 3, 2015	Ottawa	New Jersey	7:00 PM ET	RDS2,TSN5
Tue Feb 3, 2015	Florida	NY Islanders	7:00 PM ET	FS-F
Tue Feb 3, 2015	Los Angeles	Washington	7:00 PM ET	TVA Sports,SNO,SNW,SNP,CSN-DC
Tue Feb 3, 2015	Arizona	Columbus	7:00 PM ET	FS-A,FS-O
Tue Feb 3, 2015	Buffalo	Montréal	7:30 PM ET	RDS,SNE
Tue Feb 3, 2015	Tampa Bay	St. Louis	8:00 PM ET	SUN
Tue Feb 3, 2015	Toronto	Nashville	8:00 PM ET	TSN4
Tue Feb 3, 2015	Chicago	Minnesota	8:00 PM ET	NBCSN,CSN-CH
Tue Feb 3, 2015	Colorado	Dallas	8:30 PM ET	ALT
Tue Feb 3, 2015	Winnipeg	Vancouver	10:00 PM ET	TSN3,SNP
Tue Feb 3, 2015	Carolina	Anaheim	10:00 PM ET	
Wed Feb 4, 2015	Boston	NY Rangers	8:00 PM ET	NBCSN,TVA Sports,SN360
Wed Feb 4, 2015	Pittsburgh	Edmonton	8:00 PM ET	SN,ROOT
Wed Feb 4, 2015	San Jose	Calgary	10:00 PM ET	SN1,CSN-CA
Thu Feb 5, 2015	St. Louis	Buffalo	7:00 PM ET	
Thu Feb 5, 2015	NY Islanders	Philadelphia	7:00 PM ET	TVA Sports,SN360,CSN-PH
Thu Feb 5, 2015	Washington	Ottawa	7:30 PM ET	CSN-DC+,RDS,TSN5
Thu Feb 5, 2015	Los Angeles	Florida	7:30 PM ET	FS-F
Thu Feb 5, 2015	Anaheim	Nashville	8:00 PM ET	
Thu Feb 5, 2015	Tampa Bay	Dallas	8:30 PM ET	SUN
Thu Feb 5, 2015	Detroit	Colorado	9:00 PM ET	NBCSN,TVA Sports 2,FS-D
Thu Feb 5, 2015	Carolina	Arizona	9:00 PM ET	FS-A
Thu Feb 5, 2015	San Jose	Vancouver	10:00 PM ET	CSN-CA,SNP
Fri Feb 6, 2015	Toronto	New Jersey	7:00 PM ET	TVA Sports,SNO
Fri Feb 6, 2015	Anaheim	Washington	7:00 PM ET	CSN-DC
Fri Feb 6, 2015	St. Louis	Columbus	7:00 PM ET	FS-O
Fri Feb 6, 2015	Chicago	Winnipeg	8:00 PM ET	NHLN-US,CSN-CH,TSN3
Fri Feb 6, 2015	Pittsburgh	Calgary	9:00 PM ET	ROOT,SNW
Sat Feb 7, 2015	NY Rangers	Nashville	3:00 PM ET	
Sat Feb 7, 2015	Los Angeles	Tampa Bay	5:00 PM ET	SUN
Sat Feb 7, 2015	NY Islanders	Boston	7:00 PM ET	HNIC,NESN
Sat Feb 7, 2015	Dallas	Buffalo	7:00 PM ET	HNIC
Sat Feb 7, 2015	Edmonton	Toronto	7:00 PM ET	HNIC
Sat Feb 7, 2015	New Jersey	Montréal	7:00 PM ET	HNIC,TVA Sports
Sat Feb 7, 2015	Columbus	Ottawa	7:00 PM ET	HNIC,TVA Sports 2,FS-O
Sat Feb 7, 2015	Colorado	Minnesota	8:00 PM ET	NHLN-US,ALT,FS-N
Sat Feb 7, 2015	Detroit	Arizona	8:00 PM ET	FS-D,FS-A
Sat Feb 7, 2015	Pittsburgh	Vancouver	10:00 PM ET	HNIC,ROOT
Sat Feb 7, 2015	Carolina	San Jose	10:30 PM ET	CSN-CA
Sun Feb 8, 2015	Chicago	St. Louis	12:30 PM ET	NBC,SN360
Sun Feb 8, 2015	Nashville	Florida	3:00 PM ET	FS-F
Sun Feb 8, 2015	Philadelphia	Washington	3:00 PM ET	CSN-PH,CSN-DC
Sun Feb 8, 2015	NY Islanders	Buffalo	5:00 PM ET	
Sun Feb 8, 2015	Anaheim	Tampa Bay	5:00 PM ET	SUN
Sun Feb 8, 2015	Dallas	NY Rangers	5:00 PM ET	
Sun Feb 8, 2015	Colorado	Winnipeg	6:00 PM ET	TVA Sports,ALT,TSN3
Sun Feb 8, 2015	Montréal	Boston	7:30 PM ET	NBCSN,SN,RDS
Mon Feb 9, 2015	Edmonton	New Jersey	7:00 PM ET	SNW
Mon Feb 9, 2015	Los Angeles	Columbus	7:00 PM ET	SNE,SNO,FS-O
Mon Feb 9, 2015	Vancouver	Minnesota	8:00 PM ET	SNP,FS-N
Mon Feb 9, 2015	Arizona	Chicago	8:30 PM ET	NBCSN,CSN-CH
Mon Feb 9, 2015	Calgary	San Jose	10:30 PM ET	SNW,CSN-CA
Tue Feb 10, 2015	Dallas	Boston	7:00 PM ET	NHLN-US,TVA Sports,SN1,NESN
Tue Feb 10, 2015	Ottawa	Buffalo	7:00 PM ET	RDS2,TSN5
Tue Feb 10, 2015	Edmonton	NY Islanders	7:00 PM ET	SNW
Tue Feb 10, 2015	NY Rangers	Toronto	7:30 PM ET	TSN4
Tue Feb 10, 2015	Philadelphia	Montréal	7:30 PM ET	CSN-PH,RDS,SNE
Tue Feb 10, 2015	Anaheim	Florida	7:30 PM ET	FS-F
Tue Feb 10, 2015	Arizona	St. Louis	8:00 PM ET	FS-A
Tue Feb 10, 2015	Tampa Bay	Nashville	8:00 PM ET	SUN
Tue Feb 10, 2015	Minnesota	Winnipeg	8:00 PM ET	FS-N,TSN3
Wed Feb 11, 2015	Detroit	Pittsburgh	8:00 PM ET	NBCSN,TVA Sports,SN1
Wed Feb 11, 2015	Vancouver	Chicago	8:00 PM ET	SN,CSN-CH
Wed Feb 11, 2015	Washington	San Jose	10:30 PM ET	NBCSN
Thu Feb 12, 2015	Toronto	NY Islanders	7:00 PM ET	TSN4
Thu Feb 12, 2015	Anaheim	Carolina	7:00 PM ET	
Thu Feb 12, 2015	Edmonton	Montréal	7:30 PM ET	SNW,RDS,SNE
Thu Feb 12, 2015	Pittsburgh	Ottawa	7:30 PM ET	ROOT,RDS2,TSN5
Thu Feb 12, 2015	St. Louis	Tampa Bay	7:30 PM ET	NHLN-US,SUN
Thu Feb 12, 2015	Winnipeg	Nashville	8:00 PM ET	TSN3
Thu Feb 12, 2015	Florida	Minnesota	8:00 PM ET	FS-F,FS-N
Thu Feb 12, 2015	NY Rangers	Colorado	9:00 PM ET	SN360,TVA Sports 2,ALT
Thu Feb 12, 2015	Calgary	Los Angeles	10:30 PM ET	SNW
Fri Feb 13, 2015	Philadelphia	Columbus	7:00 PM ET	CSN-PH,FS-O
Fri Feb 13, 2015	New Jersey	Chicago	8:30 PM ET	CSN-CH
Fri Feb 13, 2015	Florida	Dallas	8:30 PM ET	FS-F
Fri Feb 13, 2015	San Jose	Arizona	9:00 PM ET	CSN-CA,FS-A
Fri Feb 13, 2015	Boston	Vancouver	10:00 PM ET	NESN,SNP
Sat Feb 14, 2015	Edmonton	Ottawa	2:00 PM ET	HNIC,TVA Sports
Sat Feb 14, 2015	Toronto	Montréal	7:00 PM ET	NHLN-US,HNIC,TVA Sports
Sat Feb 14, 2015	Winnipeg	Detroit	7:00 PM ET	HNIC,FS-D
Sat Feb 14, 2015	Columbus	NY Islanders	7:00 PM ET	FS-O
Sat Feb 14, 2015	New Jersey	Nashville	8:00 PM ET	
Sat Feb 14, 2015	Carolina	Minnesota	8:00 PM ET	FS-N
Sat Feb 14, 2015	NY Rangers	Arizona	8:00 PM ET	FS-A
Sat Feb 14, 2015	Dallas	Colorado	9:00 PM ET	HNIC,ALT
Sat Feb 14, 2015	Vancouver	Calgary	10:00 PM ET	HNIC,TVA Sports 2
Sat Feb 14, 2015	Washington	Los Angeles	10:00 PM ET	CSN-DC
Sun Feb 15, 2015	Pittsburgh	Chicago	12:30 PM ET	NBC,TVA Sports,SN
Sun Feb 15, 2015	St. Louis	Florida	5:00 PM ET	FS-F
Sun Feb 15, 2015	Philadelphia	Buffalo	7:30 PM ET	CITY TV,NBCSN
Sun Feb 15, 2015	Washington	Anaheim	8:00 PM ET	SN1,CSN-DC
Sun Feb 15, 2015	Tampa Bay	San Jose	8:00 PM ET	SUN,CSN-CA
Mon Feb 16, 2015	NY Rangers	NY Islanders	7:00 PM ET	NHLN-US
Mon Feb 16, 2015	Carolina	Ottawa	7:30 PM ET	RDS2,TSN5
Mon Feb 16, 2015	Montréal	Detroit	7:30 PM ET	RDS,SNE,FS-D
Mon Feb 16, 2015	Edmonton	Winnipeg	8:00 PM ET	SNOL,TSN3
Mon Feb 16, 2015	Arizona	Colorado	9:00 PM ET	FS-A,ALT
Mon Feb 16, 2015	Boston	Calgary	9:00 PM ET	NESN,SNW
Mon Feb 16, 2015	Minnesota	Vancouver	10:00 PM ET	FS-N,SNP
Mon Feb 16, 2015	Tampa Bay	Los Angeles	10:30 PM ET	SUN
Tue Feb 17, 2015	Columbus	Philadelphia	7:00 PM ET	FS-O,CSN-PH
Tue Feb 17, 2015	Washington	Pittsburgh	7:00 PM ET	TVA Sports,SNE,SNW,SNP,CSN-DC,ROOT
Tue Feb 17, 2015	NY Islanders	Carolina	7:00 PM ET	
Tue Feb 17, 2015	Buffalo	New Jersey	7:30 PM ET	NBCSN
Tue Feb 17, 2015	Florida	Toronto	7:30 PM ET	FS-F,SNO
Tue Feb 17, 2015	Dallas	St. Louis	8:00 PM ET	
Tue Feb 17, 2015	San Jose	Nashville	8:00 PM ET	CSN-CA
Wed Feb 18, 2015	Montréal	Ottawa	7:00 PM ET	SN,RDS,RDS,TSN5
Wed Feb 18, 2015	Detroit	Chicago	7:30 PM ET	NBCSN,TVA Sports
Wed Feb 18, 2015	Minnesota	Calgary	9:30 PM ET	SN1,FS-N
Wed Feb 18, 2015	Los Angeles	Colorado	10:00 PM ET	NBCSN
Wed Feb 18, 2015	Boston	Edmonton	10:00 PM ET	SN,NESN
Wed Feb 18, 2015	Tampa Bay	Anaheim	10:00 PM ET	SUN
Thu Feb 19, 2015	Nashville	NY Islanders	7:00 PM ET	
Thu Feb 19, 2015	Vancouver	NY Rangers	7:00 PM ET	TVA Sports,SNP
Thu Feb 19, 2015	Buffalo	Philadelphia	7:00 PM ET	CSN-PH
Thu Feb 19, 2015	Columbus	Pittsburgh	7:00 PM ET	NBCSN,SN360,ROOT
Thu Feb 19, 2015	Winnipeg	Washington	7:00 PM ET	TSN3,CSN-DC
Thu Feb 19, 2015	Florida	Montréal	7:30 PM ET	FS-F,RDS,SNE
Thu Feb 19, 2015	San Jose	Dallas	8:30 PM ET	CSN-CA
Fri Feb 20, 2015	Ottawa	Buffalo	7:00 PM ET	RDS,TSN5
Fri Feb 20, 2015	Vancouver	New Jersey	7:00 PM ET	SNP
Fri Feb 20, 2015	Toronto	Carolina	7:00 PM ET	SNO
Fri Feb 20, 2015	Boston	St. Louis	8:00 PM ET	NESN
Fri Feb 20, 2015	Colorado	Chicago	8:30 PM ET	NHLN-US,TVA Sports 2,ALT,CSN-CH
Fri Feb 20, 2015	Anaheim	Calgary	9:00 PM ET	SNW
Fri Feb 20, 2015	Minnesota	Edmonton	9:00 PM ET	FS-N+,SNOL
Sat Feb 21, 2015	NY Islanders	Washington	12:30 PM ET	CSN-DC
Sat Feb 21, 2015	Nashville	Philadelphia	1:00 PM ET	NHLN-US,CSN-PH
Sat Feb 21, 2015	Winnipeg	Toronto	7:00 PM ET	HNIC
Sat Feb 21, 2015	Columbus	Montréal	7:00 PM ET	HNIC,TVA Sports,FS-O
Sat Feb 21, 2015	Florida	Ottawa	7:00 PM ET	HNIC,TVA Sports 2,FS-F
Sat Feb 21, 2015	Carolina	New Jersey	7:00 PM ET	
Sat Feb 21, 2015	Anaheim	Edmonton	7:00 PM ET	HNIC
Sat Feb 21, 2015	Pittsburgh	St. Louis	8:00 PM ET	HNIC,ROOT
Sat Feb 21, 2015	Detroit	Dallas	8:00 PM ET	HNIC,FS-D
Sat Feb 21, 2015	Tampa Bay	Arizona	8:00 PM ET	SUN,FS-A PLUS
Sat Feb 21, 2015	Los Angeles	San Jose	10:00 PM ET	NBCSN,HNIC,TVA Sports 2
Sun Feb 22, 2015	Washington	Philadelphia	3:00 PM ET	NBC
Sun Feb 22, 2015	Boston	Chicago	3:00 PM ET	NBC,TVA Sports,SN1
Sun Feb 22, 2015	Nashville	Buffalo	6:00 PM ET	
Sun Feb 22, 2015	Vancouver	NY Islanders	6:00 PM ET	CITY TV
Sun Feb 22, 2015	Florida	Pittsburgh	6:00 PM ET	FS-F,ROOT
Sun Feb 22, 2015	Tampa Bay	Colorado	7:00 PM ET	SUN,ALT2
Sun Feb 22, 2015	Columbus	NY Rangers	7:30 PM ET	FS-O
Sun Feb 22, 2015	Dallas	Minnesota	8:00 PM ET	NBCSN
Mon Feb 23, 2015	Arizona	New Jersey	7:00 PM ET	TVA Sports,FS-A
Mon Feb 23, 2015	Detroit	Anaheim	10:00 PM ET	NHLN-US,SN1,FS-D
Tue Feb 24, 2015	Vancouver	Boston	7:00 PM ET	SNO,SNP,NESN
Tue Feb 24, 2015	Arizona	NY Islanders	7:00 PM ET	FS-A
Tue Feb 24, 2015	Calgary	NY Rangers	7:00 PM ET	SNW
Tue Feb 24, 2015	Philadelphia	Carolina	7:00 PM ET	NBCSN,CSN-PH
Tue Feb 24, 2015	Buffalo	Columbus	7:00 PM ET	FS-O
Tue Feb 24, 2015	Montréal	St. Louis	8:00 PM ET	RDS,SNE
Tue Feb 24, 2015	Colorado	Nashville	8:00 PM ET	TVA Sports,ALT
Tue Feb 24, 2015	Edmonton	Minnesota	8:00 PM ET	SNOL,FS-N
Tue Feb 24, 2015	Dallas	Winnipeg	8:00 PM ET	TSN3
Tue Feb 24, 2015	Florida	Chicago	8:30 PM ET	FS-F,CSN-CH
Tue Feb 24, 2015	Detroit	Los Angeles	10:30 PM ET	SN,FS-D
Wed Feb 25, 2015	Calgary	New Jersey	7:30 PM ET	SN
Wed Feb 25, 2015	Pittsburgh	Washington	8:00 PM ET	NBCSN,TVA Sports,SN1
Wed Feb 25, 2015	Ottawa	Anaheim	10:00 PM ET	RDS,TSN5
Thu Feb 26, 2015	Vancouver	Buffalo	7:00 PM ET	SNP
Thu Feb 26, 2015	Arizona	NY Rangers	7:00 PM ET	FS-A
Thu Feb 26, 2015	Montréal	Columbus	7:00 PM ET	RDS,SNE,FS-O
Thu Feb 26, 2015	Philadelphia	Toronto	7:30 PM ET	TVA Sports,CSN-PH,TSN4
Thu Feb 26, 2015	Chicago	Florida	7:30 PM ET	CSN-CH,FS-F
Thu Feb 26, 2015	St. Louis	Winnipeg	8:00 PM ET	TSN3
Thu Feb 26, 2015	Minnesota	Nashville	8:30 PM ET	NBCSN
Thu Feb 26, 2015	Ottawa	Los Angeles	10:30 PM ET	RDS,TSN5
Thu Feb 26, 2015	Detroit	San Jose	10:30 PM ET	SN360,FS-D,CSN-CA
Fri Feb 27, 2015	Boston	New Jersey	7:00 PM ET	NESN
Fri Feb 27, 2015	Calgary	NY Islanders	7:00 PM ET	SNW
Fri Feb 27, 2015	Washington	Carolina	7:00 PM ET	CSN-DC
Fri Feb 27, 2015	Chicago	Tampa Bay	7:30 PM ET	CSN-CH,SUN
Fri Feb 27, 2015	Colorado	Dallas	8:30 PM ET	TVA Sports 2,ALT2
Fri Feb 27, 2015	Los Angeles	Anaheim	10:00 PM ET	
Sat Feb 28, 2015	Buffalo	Florida	3:00 PM ET	FS-F
Sat Feb 28, 2015	Detroit	Nashville	3:00 PM ET	FS-D
Sat Feb 28, 2015	Carolina	NY Islanders	5:00 PM ET	
Sat Feb 28, 2015	New Jersey	Columbus	5:00 PM ET	FS-O
Sat Feb 28, 2015	Arizona	Boston	5:30 PM ET	FS-A,NESN
Sat Feb 28, 2015	Toronto	Montréal	7:00 PM ET	NHLN-US,HNIC,TVA Sports
Sat Feb 28, 2015	NY Rangers	Philadelphia	8:00 PM ET	NBC,HNIC
Sat Feb 28, 2015	Minnesota	Colorado	10:00 PM ET	FS-N,ALT
Sat Feb 28, 2015	St. Louis	Edmonton	10:00 PM ET	HNIC
Sat Feb 28, 2015	Ottawa	San Jose	10:30 PM ET	HNIC,TVA Sports 2,CSN-CA
Sun Mar 1, 2015	Los Angeles	Winnipeg	4:00 PM ET	TSN3
Sun Mar 1, 2015	Tampa Bay	Florida	5:00 PM ET	SUN,FS-F
Sun Mar 1, 2015	Columbus	Pittsburgh	5:00 PM ET	FS-O,ROOT
Sun Mar 1, 2015	Toronto	Washington	7:00 PM ET	CITY TV,TVA Sports,CSN-DC
Sun Mar 1, 2015	Anaheim	Dallas	8:00 PM ET	NBCSN
Sun Mar 1, 2015	St. Louis	Vancouver	10:00 PM ET	SNP
Mon Mar 2, 2015	Nashville	NY Rangers	7:00 PM ET	
Mon Mar 2, 2015	Carolina	Chicago	8:30 PM ET	SN,CSN-CH
Mon Mar 2, 2015	Montréal	San Jose	10:00 PM ET	RDS,SNE,CSN-CA
Tue Mar 3, 2015	Nashville	New Jersey	7:00 PM ET	
Tue Mar 3, 2015	Calgary	Philadelphia	7:00 PM ET	TVA Sports,SNW,CSN-PH
Tue Mar 3, 2015	Washington	Columbus	7:00 PM ET	CSN-DC,FS-O
Tue Mar 3, 2015	Buffalo	Tampa Bay	7:30 PM ET	NBCSN
Tue Mar 3, 2015	Toronto	Florida	7:30 PM ET	TSN4,FS-F
Tue Mar 3, 2015	Ottawa	Minnesota	8:00 PM ET	RDS,TSN5,FS-N
Tue Mar 3, 2015	NY Islanders	Dallas	8:30 PM ET	
Tue Mar 3, 2015	Anaheim	Arizona	9:00 PM ET	FS-A
Tue Mar 3, 2015	Los Angeles	Edmonton	9:30 PM ET	SNW
Tue Mar 3, 2015	San Jose	Vancouver	10:00 PM ET	CSN-CA,SNP
Wed Mar 4, 2015	Ottawa	Winnipeg	7:30 PM ET	TVA Sports,SN
Wed Mar 4, 2015	NY Rangers	Detroit	8:00 PM ET	NBCSN,SN1
Wed Mar 4, 2015	Pittsburgh	Colorado	10:00 PM ET	ROOT,ALT
Wed Mar 4, 2015	Montréal	Anaheim	10:00 PM ET	SN,RDS
Thu Mar 5, 2015	Calgary	Boston	7:00 PM ET	SNW,NESN
Thu Mar 5, 2015	St. Louis	Philadelphia	7:00 PM ET	NHLN-US,SN360,CSN-PH
Thu Mar 5, 2015	Minnesota	Washington	7:00 PM ET	FS-N,CSN-DC
Thu Mar 5, 2015	Toronto	Tampa Bay	7:30 PM ET	TVA Sports,SNO,SUN
Thu Mar 5, 2015	Dallas	Florida	7:30 PM ET	FS-F
Thu Mar 5, 2015	NY Islanders	Nashville	8:00 PM ET	
Thu Mar 5, 2015	Vancouver	Arizona	9:00 PM ET	SNP,FS-A
Thu Mar 5, 2015	Montréal	Los Angeles	10:30 PM ET	RDS,SNE
Fri Mar 6, 2015	Columbus	New Jersey	7:00 PM ET	FS-O
Fri Mar 6, 2015	Minnesota	Carolina	7:00 PM ET	FS-N
Fri Mar 6, 2015	Buffalo	Ottawa	7:30 PM ET	RDS,TSN5
Fri Mar 6, 2015	Calgary	Detroit	7:30 PM ET	TVA Sports 2,SNW,FS-D+
Fri Mar 6, 2015	Edmonton	Chicago	8:30 PM ET	SN1,CSN-CH+
Fri Mar 6, 2015	Pittsburgh	Anaheim	10:00 PM ET	ROOT
Sat Mar 7, 2015	Philadelphia	Boston	1:00 PM ET	NHLN-US,TVA Sports,CSN-PH,NESN
Sat Mar 7, 2015	St. Louis	Toronto	7:00 PM ET	NHLN-US,HNIC
Sat Mar 7, 2015	Dallas	Tampa Bay	7:00 PM ET	HNIC,SUN
Sat Mar 7, 2015	NY Islanders	Florida	7:00 PM ET	FS-F
Sat Mar 7, 2015	Buffalo	Washington	7:00 PM ET	HNIC,CSN-DC
Sat Mar 7, 2015	Colorado	Columbus	7:00 PM ET	ALT2,FS-O
Sat Mar 7, 2015	Winnipeg	Nashville	7:00 PM ET	HNIC
Sat Mar 7, 2015	Montréal	Arizona	7:00 PM ET	HNIC,TVA Sports,FS-A PLUS
Sat Mar 7, 2015	Pittsburgh	Los Angeles	10:00 PM ET	HNIC,TVA Sports 2,ROOT
Sat Mar 7, 2015	Vancouver	San Jose	10:00 PM ET	HNIC,CSN-CA
Sun Mar 8, 2015	Edmonton	Carolina	3:00 PM ET	SNW
Sun Mar 8, 2015	Philadelphia	New Jersey	5:00 PM ET	TCN-PH
Sun Mar 8, 2015	Colorado	Minnesota	6:00 PM ET	ALT,FS-N
Sun Mar 8, 2015	Calgary	Ottawa	7:00 PM ET	CITY TV,TVA Sports
Sun Mar 8, 2015	Detroit	Boston	7:30 PM ET	NBC,NBCSN
Sun Mar 8, 2015	NY Rangers	Chicago	7:30 PM ET	NBC,NBCSN
Mon Mar 9, 2015	NY Islanders	Toronto	7:30 PM ET	SNO
Mon Mar 9, 2015	Edmonton	Detroit	7:30 PM ET	SNW,FS-D
Mon Mar 9, 2015	Anaheim	Vancouver	10:00 PM ET	SNP
Mon Mar 9, 2015	Nashville	Arizona	10:00 PM ET	
Mon Mar 9, 2015	Pittsburgh	San Jose	10:00 PM ET	NBCSN,ROOT
Tue Mar 10, 2015	NY Rangers	NY Islanders	7:00 PM ET	SN
Tue Mar 10, 2015	Dallas	Philadelphia	7:00 PM ET	TVA Sports,CSN-PH
Tue Mar 10, 2015	Columbus	Carolina	7:00 PM ET	FS-O
Tue Mar 10, 2015	Tampa Bay	Montréal	7:30 PM ET	SUN,RDS,SNE
Tue Mar 10, 2015	Boston	Ottawa	7:30 PM ET	NESN,RDS2,TSN5
Tue Mar 10, 2015	Winnipeg	St. Louis	8:00 PM ET	TSN3
Tue Mar 10, 2015	New Jersey	Minnesota	8:00 PM ET	FS-N
Tue Mar 10, 2015	Los Angeles	Colorado	9:00 PM ET	NBCSN,SN1
Wed Mar 11, 2015	Buffalo	Toronto	7:00 PM ET	SN
Wed Mar 11, 2015	NY Rangers	Washington	8:00 PM ET	NBCSN,TVA Sports,SN1
Wed Mar 11, 2015	Anaheim	Calgary	9:30 PM ET	SNW
Thu Mar 12, 2015	Tampa Bay	Boston	7:00 PM ET	TVA Sports,SN360,SUN,NESN
Thu Mar 12, 2015	Edmonton	Pittsburgh	7:00 PM ET	SNW,ROOT
Thu Mar 12, 2015	Dallas	Carolina	7:00 PM ET	
Thu Mar 12, 2015	Ottawa	Montréal	7:30 PM ET	RDS,TSN5,RDS,SNE
Thu Mar 12, 2015	Columbus	Detroit	7:30 PM ET	NHLN-US,FS-O,FS-D
Thu Mar 12, 2015	Winnipeg	Florida	7:30 PM ET	TSN3,FS-F
Thu Mar 12, 2015	Philadelphia	St. Louis	8:00 PM ET	CSN-PH
Thu Mar 12, 2015	New Jersey	Colorado	9:00 PM ET	ALT
Thu Mar 12, 2015	Los Angeles	Vancouver	10:00 PM ET	SNP
Thu Mar 12, 2015	Chicago	Arizona	10:00 PM ET	WGN,FS-A
Thu Mar 12, 2015	Nashville	San Jose	10:30 PM ET	CSN-CA
Fri Mar 13, 2015	Ottawa	NY Islanders	7:00 PM ET	RDS,TSN5
Fri Mar 13, 2015	Dallas	Washington	7:00 PM ET	CSN-DC
Fri Mar 13, 2015	Edmonton	Columbus	7:00 PM ET	SNOL,FS-O
Fri Mar 13, 2015	Anaheim	Minnesota	8:00 PM ET	FS-N
Fri Mar 13, 2015	Toronto	Calgary	8:00 PM ET	TSN4,SNW
Sat Mar 14, 2015	Detroit	Philadelphia	1:00 PM ET	FS-D,CSN-PH
Sat Mar 14, 2015	Boston	Pittsburgh	1:00 PM ET	NHLN-US,TVA Sports,NESN,ROOT
Sat Mar 14, 2015	Chicago	San Jose	4:00 PM ET	NHLN-US,WGN,CSN-CA
Sat Mar 14, 2015	NY Rangers	Buffalo	7:00 PM ET	HNIC
Sat Mar 14, 2015	Winnipeg	Tampa Bay	7:00 PM ET	HNIC,SUN
Sat Mar 14, 2015	Montréal	NY Islanders	7:00 PM ET	HNIC,TVA Sports
Sat Mar 14, 2015	Florida	Carolina	7:00 PM ET	FS-F
Sat Mar 14, 2015	Toronto	Vancouver	7:00 PM ET	NHLN-US,HNIC
Sat Mar 14, 2015	Minnesota	St. Louis	8:00 PM ET	FS-N
Sat Mar 14, 2015	New Jersey	Arizona	9:00 PM ET	FS-A
Sat Mar 14, 2015	Calgary	Colorado	10:00 PM ET	HNIC,TVA Sports 2,ALT
Sat Mar 14, 2015	Nashville	Los Angeles	10:00 PM ET	
Sun Mar 15, 2015	Florida	NY Rangers	5:00 PM ET	FS-F
Sun Mar 15, 2015	Carolina	Columbus	5:00 PM ET	FS-O
Sun Mar 15, 2015	St. Louis	Dallas	6:00 PM ET	
Sun Mar 15, 2015	Philadelphia	Ottawa	7:00 PM ET	CITY TV,TVA Sports,CSN-PH
Sun Mar 15, 2015	Detroit	Pittsburgh	7:30 PM ET	NBC,NBCSN
Sun Mar 15, 2015	Boston	Washington	7:30 PM ET	NBC,NBCSN
Sun Mar 15, 2015	Nashville	Anaheim	8:00 PM ET	
Mon Mar 16, 2015	Washington	Buffalo	7:00 PM ET	NBCSN,SN1,CSN-DC+
Mon Mar 16, 2015	Montréal	Tampa Bay	7:30 PM ET	RDS,SNE,SUN
Mon Mar 16, 2015	Toronto	Edmonton	9:30 PM ET	SNO,SNW
Mon Mar 16, 2015	Arizona	Los Angeles	10:30 PM ET	FS-A
Tue Mar 17, 2015	Pittsburgh	New Jersey	7:00 PM ET	TVA Sports,SNE,SNO,SNP,ROOT
Tue Mar 17, 2015	Ottawa	Carolina	7:00 PM ET	RDS2,TSN5
Tue Mar 17, 2015	Buffalo	Boston	7:30 PM ET	NBCSN
Tue Mar 17, 2015	Montréal	Florida	7:30 PM ET	RDS,SNE,FS-F
Tue Mar 17, 2015	Minnesota	Nashville	8:00 PM ET	FS-N
Tue Mar 17, 2015	San Jose	Winnipeg	8:00 PM ET	CSN-CA,TSN3
Tue Mar 17, 2015	NY Islanders	Chicago	8:30 PM ET	CSN-CH
Tue Mar 17, 2015	St. Louis	Calgary	9:00 PM ET	SNW
Tue Mar 17, 2015	Philadelphia	Vancouver	10:00 PM ET	CSN-PH,SNP
Wed Mar 18, 2015	Chicago	NY Rangers	8:00 PM ET	NBCSN,TVA Sports,SN1
Wed Mar 18, 2015	Columbus	Edmonton	10:00 PM ET	SN,FS-O
Wed Mar 18, 2015	Los Angeles	Anaheim	10:30 PM ET	NBCSN
Thu Mar 19, 2015	San Jose	Toronto	7:30 PM ET	TVA Sports,CSN-CA,TSN4
Thu Mar 19, 2015	Carolina	Montréal	7:30 PM ET	RDS,SNE
Thu Mar 19, 2015	Boston	Ottawa	7:30 PM ET	NESN,RDS2,TSN5
Thu Mar 19, 2015	Detroit	Florida	7:30 PM ET	FS-D,FS-F
Thu Mar 19, 2015	Washington	Minnesota	8:00 PM ET	CSN-DC,FS-N
Thu Mar 19, 2015	St. Louis	Winnipeg	8:00 PM ET	TSN3
Thu Mar 19, 2015	Pittsburgh	Dallas	8:30 PM ET	NHLN-US,SN360,ROOT
Thu Mar 19, 2015	Philadelphia	Calgary	9:00 PM ET	CSN-PH,SNW
Thu Mar 19, 2015	Columbus	Vancouver	10:00 PM ET	FS-O,SNP
Thu Mar 19, 2015	Colorado	Arizona	10:00 PM ET	ALT2,FS-A PLUS
Fri Mar 20, 2015	New Jersey	Buffalo	7:00 PM ET	
Fri Mar 20, 2015	Detroit	Tampa Bay	7:30 PM ET	TVA Sports 2,FS-D,SUN
Fri Mar 20, 2015	Colorado	Anaheim	10:00 PM ET	SN1,ALT
Sat Mar 21, 2015	St. Louis	Minnesota	2:00 PM ET	NHLN-US,FS-N
Sat Mar 21, 2015	Columbus	Calgary	4:00 PM ET	FS-O,SNW
Sat Mar 21, 2015	Vancouver	Los Angeles	4:00 PM ET	SNP
Sat Mar 21, 2015	San Jose	Montréal	7:00 PM ET	NHLN-US,HNIC,TVA Sports,CSN-CA
Sat Mar 21, 2015	Toronto	Ottawa	7:00 PM ET	HNIC,TVA Sports 2
Sat Mar 21, 2015	Boston	Florida	7:00 PM ET	HNIC,NESN,FS-F
Sat Mar 21, 2015	NY Islanders	New Jersey	7:00 PM ET	
Sat Mar 21, 2015	NY Rangers	Carolina	7:00 PM ET	
Sat Mar 21, 2015	Washington	Winnipeg	7:00 PM ET	HNIC,CSN-DC
Sat Mar 21, 2015	Buffalo	Nashville	8:00 PM ET	
Sat Mar 21, 2015	Chicago	Dallas	8:00 PM ET	HNIC,CSN-CH
Sat Mar 21, 2015	Pittsburgh	Arizona	9:00 PM ET	ROOT,FS-A PLUS
Sat Mar 21, 2015	Philadelphia	Edmonton	10:00 PM ET	HNIC,CSN-PH
Sun Mar 22, 2015	St. Louis	Detroit	12:30 PM ET	NBC
Sun Mar 22, 2015	Boston	Tampa Bay	5:00 PM ET	TVA Sports,NESN,SUN
Sun Mar 22, 2015	Anaheim	NY Rangers	7:30 PM ET	NBCSN
Sun Mar 22, 2015	Vancouver	Arizona	8:00 PM ET	CITY TV,FS-A PLUS
Mon Mar 23, 2015	Los Angeles	New Jersey	7:00 PM ET	
Mon Mar 23, 2015	Chicago	Carolina	7:00 PM ET	CSN-CH
Mon Mar 23, 2015	Minnesota	Toronto	7:30 PM ET	FS-N,TSN4
Mon Mar 23, 2015	San Jose	Ottawa	7:30 PM ET	CSN-CA,RDS,TSN5
Mon Mar 23, 2015	Buffalo	Dallas	8:30 PM ET	
Mon Mar 23, 2015	Colorado	Calgary	9:00 PM ET	NHLN-US,ALT,SNF
Mon Mar 23, 2015	Winnipeg	Edmonton	9:30 PM ET	TSN3,SNW
Tue Mar 24, 2015	Minnesota	NY Islanders	7:00 PM ET	FS-N
Tue Mar 24, 2015	Los Angeles	NY Rangers	7:00 PM ET	NBCSN,SN
Tue Mar 24, 2015	St. Louis	Pittsburgh	7:00 PM ET	TVA Sports,ROOT
Tue Mar 24, 2015	Anaheim	Columbus	7:00 PM ET	FS-O
Tue Mar 24, 2015	Arizona	Detroit	7:30 PM ET	FS-A,FS-D
Tue Mar 24, 2015	Florida	Tampa Bay	7:30 PM ET	FS-F,SUN
Tue Mar 24, 2015	Montréal	Nashville	8:00 PM ET	RDS,SNE
Tue Mar 24, 2015	Winnipeg	Vancouver	10:00 PM ET	SN
Wed Mar 25, 2015	Chicago	Philadelphia	8:00 PM ET	NBCSN,TVA Sports,SN1
Wed Mar 25, 2015	Colorado	Edmonton	8:00 PM ET	SN,ALT2
Wed Mar 25, 2015	Dallas	Calgary	10:00 PM ET	SN1
Thu Mar 26, 2015	Anaheim	Boston	7:00 PM ET	NHLN-US,TVA Sports,SN360,NESN
Thu Mar 26, 2015	Arizona	Buffalo	7:00 PM ET	FS-A
Thu Mar 26, 2015	Los Angeles	NY Islanders	7:00 PM ET	
Thu Mar 26, 2015	New Jersey	Washington	7:00 PM ET	CSN-DC
Thu Mar 26, 2015	Pittsburgh	Carolina	7:00 PM ET	ROOT
Thu Mar 26, 2015	Florida	Toronto	7:30 PM ET	FS-F,TSN4
Thu Mar 26, 2015	NY Rangers	Ottawa	7:30 PM ET	RDS,TSN5
Thu Mar 26, 2015	San Jose	Detroit	7:30 PM ET	CSN-CA,FS-D
Thu Mar 26, 2015	Nashville	Tampa Bay	7:30 PM ET	SUN
Thu Mar 26, 2015	Montréal	Winnipeg	8:00 PM ET	RDS,SNE,TSN3
Thu Mar 26, 2015	Colorado	Vancouver	10:00 PM ET	ALT,SNP
Fri Mar 27, 2015	Calgary	Minnesota	8:00 PM ET	SNW,FS-N+
Fri Mar 27, 2015	Columbus	Chicago	8:30 PM ET	TVA Sports 2,FS-O,CSN-CH
Fri Mar 27, 2015	Dallas	Edmonton	9:30 PM ET	SN1
Sat Mar 28, 2015	Nashville	Washington	12:30 PM ET	CSN-DC
Sat Mar 28, 2015	NY Rangers	Boston	1:00 PM ET	NHLN-US,NESN
Sat Mar 28, 2015	Anaheim	NY Islanders	1:00 PM ET	
Sat Mar 28, 2015	San Jose	Philadelphia	1:00 PM ET	CSN-CA,CSN-PH
Sat Mar 28, 2015	Arizona	Pittsburgh	1:00 PM ET	FS-A,ROOT
Sat Mar 28, 2015	Tampa Bay	Detroit	2:00 PM ET	HNIC,SUN,FS-D
Sat Mar 28, 2015	Ottawa	Toronto	7:00 PM ET	HNIC,TVA Sports 2
Sat Mar 28, 2015	Florida	Montréal	7:00 PM ET	HNIC,TVA Sports,FS-F
Sat Mar 28, 2015	New Jersey	Carolina	7:00 PM ET	
Sat Mar 28, 2015	Columbus	St. Louis	8:00 PM ET	HNIC,FS-O
Sat Mar 28, 2015	Los Angeles	Minnesota	8:00 PM ET	NHLN-US,FS-N
Sat Mar 28, 2015	Buffalo	Colorado	9:00 PM ET	ALT2
Sat Mar 28, 2015	Dallas	Vancouver	10:00 PM ET	HNIC
Sun Mar 29, 2015	Washington	NY Rangers	3:00 PM ET	TVA Sports,CSN-DC
Sun Mar 29, 2015	Florida	Ottawa	5:00 PM ET	FS-F,RDS,TSN5
Sun Mar 29, 2015	Detroit	NY Islanders	5:00 PM ET	FS-D+
Sun Mar 29, 2015	Boston	Carolina	5:00 PM ET	NESN
Sun Mar 29, 2015	Calgary	Nashville	5:00 PM ET	SNW
Sun Mar 29, 2015	Anaheim	New Jersey	7:00 PM ET	
Sun Mar 29, 2015	San Jose	Pittsburgh	7:30 PM ET	NBCSN,ROOT
Sun Mar 29, 2015	Chicago	Winnipeg	7:30 PM ET	CITY TV,WGN
Mon Mar 30, 2015	Tampa Bay	Montréal	7:30 PM ET	SUN,RDS,SNE
Mon Mar 30, 2015	Vancouver	St. Louis	8:00 PM ET	SNP
Mon Mar 30, 2015	Los Angeles	Chicago	8:30 PM ET	NBCSN,SNE,SNO,CSN-CH
Mon Mar 30, 2015	Calgary	Dallas	8:30 PM ET	SNW
Mon Mar 30, 2015	Edmonton	Colorado	9:00 PM ET	SN1,ALT
Mon Mar 30, 2015	Buffalo	Arizona	10:00 PM ET	FS-A PLUS
Tue Mar 31, 2015	Florida	Boston	7:00 PM ET	FS-F,NESN
Tue Mar 31, 2015	Carolina	Washington	7:00 PM ET	NHLN-US,CSN-DC
Tue Mar 31, 2015	New Jersey	Columbus	7:00 PM ET	FS-O
Tue Mar 31, 2015	Tampa Bay	Toronto	7:30 PM ET	TVA Sports,SUN,TSN4
Tue Mar 31, 2015	Ottawa	Detroit	7:30 PM ET	RDS,TSN5,FS-D
Tue Mar 31, 2015	Vancouver	Nashville	8:00 PM ET	SNP
Tue Mar 31, 2015	NY Rangers	Winnipeg	8:00 PM ET	TSN3
Wed Apr 1, 2015	Toronto	Buffalo	7:30 PM ET	SN
Wed Apr 1, 2015	Philadelphia	Pittsburgh	8:00 PM ET	NBCSN,TVA Sports,SN1
Wed Apr 1, 2015	Edmonton	Anaheim	10:00 PM ET	SNW
Wed Apr 1, 2015	Colorado	San Jose	10:30 PM ET	NBCSN
Thu Apr 2, 2015	NY Islanders	Columbus	7:00 PM ET	FS-O
Thu Apr 2, 2015	Washington	Montréal	7:30 PM ET	CSN-DC,RDS,SNE
Thu Apr 2, 2015	Tampa Bay	Ottawa	7:30 PM ET	SUN,RDS2,TSN5
Thu Apr 2, 2015	Boston	Detroit	7:30 PM ET	NBCSN,TVA Sports,SN360,NESN,FS-D
Thu Apr 2, 2015	Carolina	Florida	7:30 PM ET	FS-F
Thu Apr 2, 2015	Calgary	St. Louis	8:00 PM ET	SNW
Thu Apr 2, 2015	NY Rangers	Minnesota	8:00 PM ET	FS-N
Thu Apr 2, 2015	Vancouver	Chicago	8:30 PM ET	SNP,CSN-CH
Thu Apr 2, 2015	Edmonton	Los Angeles	10:30 PM ET	SNW
Fri Apr 3, 2015	Chicago	Buffalo	7:00 PM ET	NHLN-US,CSN-CH
Fri Apr 3, 2015	Montréal	New Jersey	7:00 PM ET	SN,RDS
Fri Apr 3, 2015	St. Louis	Dallas	8:30 PM ET	
Fri Apr 3, 2015	Colorado	Anaheim	10:00 PM ET	SN1,ALT
Fri Apr 3, 2015	Arizona	San Jose	10:00 PM ET	FS-A,CSN-CA PLUS
Sat Apr 4, 2015	Philadelphia	Carolina	1:00 PM ET	CSN-PH
Sat Apr 4, 2015	Pittsburgh	Columbus	2:00 PM ET	NHLN-US,ROOT,FS-O
Sat Apr 4, 2015	Vancouver	Winnipeg	3:00 PM ET	SNP,TSN3
Sat Apr 4, 2015	Toronto	Boston	7:00 PM ET	HNIC,NESN
Sat Apr 4, 2015	Washington	Ottawa	7:00 PM ET	NHLN-US,HNIC,TVA Sports,CSN-DC
Sat Apr 4, 2015	Tampa Bay	Florida	7:00 PM ET	SUN,FS-F
Sat Apr 4, 2015	Buffalo	NY Islanders	7:00 PM ET	
Sat Apr 4, 2015	New Jersey	NY Rangers	7:00 PM ET	HNIC
Sat Apr 4, 2015	Detroit	Minnesota	7:00 PM ET	HNIC,FS-D+,FS-N
Sat Apr 4, 2015	Dallas	Nashville	8:00 PM ET	
Sat Apr 4, 2015	San Jose	Arizona	9:00 PM ET	CSN-CA PLUS,FS-A PLUS
Sat Apr 4, 2015	Calgary	Edmonton	10:00 PM ET	HNIC
Sat Apr 4, 2015	Colorado	Los Angeles	10:00 PM ET	HNIC,TVA Sports,ALT
Sun Apr 5, 2015	Washington	Detroit	5:00 PM ET	CSN-DC,FS-D
Sun Apr 5, 2015	Montréal	Florida	5:00 PM ET	SN,RDS,FS-F
Sun Apr 5, 2015	Ottawa	Toronto	7:30 PM ET	CITY TV,TVA Sports
Sun Apr 5, 2015	Pittsburgh	Philadelphia	7:30 PM ET	NBC,NBCSN
Sun Apr 5, 2015	St. Louis	Chicago	7:30 PM ET	NBC,NBCSN
Mon Apr 6, 2015	Carolina	Buffalo	7:00 PM ET	
Mon Apr 6, 2015	Columbus	NY Rangers	7:00 PM ET	NHLN-US,SN1,FS-O
Mon Apr 6, 2015	Winnipeg	Minnesota	8:00 PM ET	TSN3,FS-N
Mon Apr 6, 2015	Los Angeles	Vancouver	10:00 PM ET	SNP
Mon Apr 6, 2015	Dallas	San Jose	10:30 PM ET	CSN-CA PLUS
Tue Apr 7, 2015	NY Rangers	New Jersey	7:00 PM ET	TVA Sports
Tue Apr 7, 2015	NY Islanders	Philadelphia	7:00 PM ET	SN,CSN-PH
Tue Apr 7, 2015	Pittsburgh	Ottawa	7:30 PM ET	ROOT,RDS,TSN5
Tue Apr 7, 2015	Carolina	Detroit	7:30 PM ET	FS-D
Tue Apr 7, 2015	Winnipeg	St. Louis	8:00 PM ET	TSN3
Tue Apr 7, 2015	Minnesota	Chicago	8:30 PM ET	NBCSN,SN1,CSN-CH
Tue Apr 7, 2015	Nashville	Colorado	9:00 PM ET	ALT
Tue Apr 7, 2015	Arizona	Calgary	9:00 PM ET	SNF
Tue Apr 7, 2015	Los Angeles	Edmonton	9:30 PM ET	SNW
Wed Apr 8, 2015	Toronto	Columbus	7:30 PM ET	SN,FS-O
Wed Apr 8, 2015	Boston	Washington	8:00 PM ET	NBCSN,TVA Sports,SN1
Wed Apr 8, 2015	Dallas	Anaheim	10:30 PM ET	NBCSN,SN1
Thu Apr 9, 2015	Ottawa	NY Rangers	7:00 PM ET	RDS2,TSN5
Thu Apr 9, 2015	Carolina	Philadelphia	7:00 PM ET	CSN-PH
Thu Apr 9, 2015	Detroit	Montréal	7:30 PM ET	FS-D,RDS,SNE
Thu Apr 9, 2015	New Jersey	Tampa Bay	7:30 PM ET	SUN
Thu Apr 9, 2015	Boston	Florida	7:30 PM ET	TVA Sports,NESN,FS-F
Thu Apr 9, 2015	Chicago	St. Louis	8:00 PM ET	NBCSN,CSN-CH
Thu Apr 9, 2015	Minnesota	Nashville	8:00 PM ET	FS-N
Thu Apr 9, 2015	Winnipeg	Colorado	9:00 PM ET	TSN3,ALT
Thu Apr 9, 2015	Los Angeles	Calgary	9:00 PM ET	SNW
Thu Apr 9, 2015	San Jose	Edmonton	9:30 PM ET	SN360,CSN-CA PLUS
Thu Apr 9, 2015	Arizona	Vancouver	10:00 PM ET	FS-A,SNP
Fri Apr 10, 2015	NY Islanders	Pittsburgh	7:00 PM ET	NHLN-US,SN,TVA Sports 2,ROOT
Fri Apr 10, 2015	Buffalo	Columbus	7:00 PM ET	FS-O
Sat Apr 11, 2015	Ottawa	Philadelphia	12:30 PM ET	RDS2,TSN5,CSN-PH
Sat Apr 11, 2015	NY Rangers	Washington	3:00 PM ET	TVA Sports,CSN-DC
Sat Apr 11, 2015	Calgary	Winnipeg	3:00 PM ET	SNW,TSN3
Sat Apr 11, 2015	San Jose	Los Angeles	3:00 PM ET	NBC,HNIC
Sat Apr 11, 2015	Pittsburgh	Buffalo	7:00 PM ET	HNIC,ROOT
Sat Apr 11, 2015	Montréal	Toronto	7:00 PM ET	HNIC,TVA Sports
Sat Apr 11, 2015	New Jersey	Florida	7:00 PM ET	FS-F
Sat Apr 11, 2015	Columbus	NY Islanders	7:00 PM ET	FS-O
Sat Apr 11, 2015	Detroit	Carolina	7:00 PM ET	FS-D
Sat Apr 11, 2015	Boston	Tampa Bay	7:30 PM ET	NBC,NBCSN,HNIC,NESN
Sat Apr 11, 2015	Minnesota	St. Louis	7:30 PM ET	NBC,NBCSN
Sat Apr 11, 2015	Nashville	Dallas	8:00 PM ET	
Sat Apr 11, 2015	Chicago	Colorado	9:00 PM ET	HNIC,TVA Sports 2,WGN,ALT
Sat Apr 11, 2015	Anaheim	Arizona	9:00 PM ET	FS-A PLUS
Sat Apr 11, 2015	Edmonton	Vancouver	10:00 PM ET	HNIC